nome;telefone;cidade;imobiliaria;msg1
Bruno Silva;(11) 99430-7129;Santos;;"Olá Bruno Silva, praia.digital aqui. Temos oportunidades de investimento em Santos com ROI de até 12% em aluguel temporada. Quer ver o tour virtual 360° do imóvel? 🏖️ 
🔗 https://praia.digital/exclusivos/tendencia-m2-litoral-sul-baixada-santista-2026.html"
Ana Costa;(13) 91866-2876;Guarujá;;"Olá Ana Costa, Guarujá está em alta para segunda residência em 2026. Podemos apresentar oportunidades com tour virtual 360° e comparativo de m²? 📊 
🔗 https://praia.digital/exclusivos/tendencia-m2-litoral-sul-baixada-santista-2026.html"
Carlos Pereira;(13) 99100-1234;Praia Grande;;"Olá Carlos Pereira, precisando vender em Praia Grande? Fazemos avaliação comparativa com dados reais do mercado 2026. É gratuito e sem compromisso. 📊 
🔗 https://praia.digital/exclusivos/tendencia-m2-litoral-sul-baixada-santista-2026.html"
Mariana Dias;(12) 99200-5678;Itanhaém;;"Olá Mariana Dias, Itanhaém tem valorização de +4,9% no m² em 2026. Fazemos avaliação gratuita do seu imóvel com dados atualizados. 📈 
🔗 https://praia.digital/exclusivos/tendencia-m2-litoral-sul-baixada-santista-2026.html"
Rafael Souza;(13) 98205-5018;São Vicente;;"Olá Rafael Souza, Santos valorizou +5,2% no m² em 2026. Temos consultoria gratuita para imobiliárias da região. Agendamos uma call? 📈 
🔗 https://praia.digital/exclusivos/tendencia-m2-litoral-sul-baixada-santista-2026.html"
Fernanda Lima;(13) 91022-3344;Mongaguá;;"Olá Fernanda Lima, Mongaguá está com expansão de fibra óptica em 2026. Podemos apresentar oportunidades de home office + investimento? 🏠 
🔗 https://praia.digital/exclusivos/tendencia-m2-litoral-sul-baixada-santista-2026.html"
Patrícia Rocha;(13) 97788-1122;Peruíbe;;"Olá Patrícia Rocha, temos avaliação gratuita do seu imóvel em Peruíbe com dados de mercado 2026. Sem compromisso. 🏠 
🔗 https://praia.digital/exclusivos/tendencia-m2-litoral-sul-baixada-santista-2026.html"
Lucas Andrade;(11) 91234-5678;Bertioga;;"Olá Lucas Andrade, Bertioga está em alta para segunda residência. Podemos apresentar oportunidades com tour virtual 360°? 📊 
🔗 https://praia.digital/exclusivos/tendencia-m2-litoral-sul-baixada-santista-2026.html"
