arquivo_origem,link_atual,tipo_de_destino,destino_sugerido,confianca_sugestao,motivo
blog/agencia-ia-imobiliaria-litoral.html,/,interno_absoluto,,BAIXA,destino não encontrado
blog/aluguel-temporada-bertioga.html,/,interno_absoluto,,BAIXA,destino não encontrado
blog/aluguel-temporada-ia-litoral.html,/,interno_absoluto,,BAIXA,destino não encontrado
blog/aluguel-temporada-litoral-calor-casa-dicas-2026.html,../imovel-litoral-conforto-termico-clima-umido-2026.html,interno_relativo,,BAIXA,destino não encontrado
blog/aluguel-temporada-litoral-entrega-chave-limpeza-2026.html,../aluguel-temporada-litoral-vistoria-entrega-danos-2026.html,interno_relativo,,BAIXA,destino não encontrado
blog/aluguel-temporada-litoral-entrega-chave-posse-2026.html,../aluguel-temporada-litoral-vistoria-entrega-danos-2026.html,interno_relativo,,BAIXA,destino não encontrado
blog/aluguel-temporada-litoral-experiencia-hospede-diferencial-2026.html,../aluguel-temporada-litoral-taxa-ocupacao-otimizar-2026.html,interno_relativo,,BAIXA,destino não encontrado
blog/aluguel-temporada-litoral-feedback-hospede-avaliacao-2026.html,../aluguel-temporada-litoral-taxa-ocupacao-otimizar-2026.html,interno_relativo,,BAIXA,destino não encontrado
blog/aluguel-temporada-litoral-hospede-frequente-fidelidade-2026.html,../aluguel-temporada-litoral-taxa-ocupacao-otimizar-2026.html,interno_relativo,,BAIXA,destino não encontrado
blog/aluguel-temporada-litoral-promocao-baixa-temporada-2026.html,../aluguel-temporada-litoral-taxa-ocupacao-otimizar-2026.html,interno_relativo,,BAIXA,destino não encontrado
blog/aluguel-temporada-litoral-sazonalidade-estrategia-2026.html,../estrategia-preco-dinamico-temporada-litoral-paulista-2026.html,interno_relativo,,BAIXA,destino não encontrado
blog/apartamento-venda-santos-ia.html,/,interno_absoluto,,BAIXA,destino não encontrado
blog/aposentado-bertioga-ia.html,/,interno_absoluto,,BAIXA,destino não encontrado
blog/aposentado-mongagua-ia.html,/,interno_absoluto,,BAIXA,destino não encontrado
blog/apto-aposentado-sao-vicente-ia.html,/,interno_absoluto,,BAIXA,destino não encontrado
blog/apto-familia-zona-norte-santos-ia.html,/,interno_absoluto,,BAIXA,destino não encontrado
blog/apto-frente-mar-santos-ia.html,/,interno_absoluto,,BAIXA,destino não encontrado
blog/apto-investidor-guaruja-zona-leste-ia.html,/,interno_absoluto,,BAIXA,destino não encontrado
blog/assinatura-profissional-corretores-litoral-2026.html,../plano-assinatura-profissionais-imobiliario-2026.html,interno_relativo,,BAIXA,destino não encontrado
blog/automacao-alugueis-temporada-ia.html,/,interno_absoluto,,BAIXA,destino não encontrado
blog/automacao-aluguel-temporada-litoral.html,/,interno_absoluto,,BAIXA,destino não encontrado
blog/automacao-imoveis-litoral-reducao-custos-2026.html,/,interno_absoluto,,BAIXA,destino não encontrado
blog/automacao-imoveis-litoral-sem-rebuild.html,/,interno_absoluto,,BAIXA,destino não encontrado
blog/avaliacao-automatica-anuncios-imoveis-litoral.html,/,interno_absoluto,,BAIXA,destino não encontrado
blog/avaliacao-manual-vs-automatica-imoveis-litoral-2026.html,/,interno_absoluto,,BAIXA,destino não encontrado
blog/avancar-negociacao-ligacao-litoral-2026.html,/,interno_absoluto,,BAIXA,destino não encontrado
blog/bertioga-faq.html,/,interno_absoluto,,BAIXA,destino não encontrado
blog/bertioga-x-outras-cidades-litoral.html,/,interno_absoluto,,BAIXA,destino não encontrado
blog/calendario-conteudo-imobiliario-litoral.html,/,interno_absoluto,,BAIXA,destino não encontrado
blog/captacao-imoveis-alta-temporada-santos-ia.html,/,interno_absoluto,,BAIXA,destino não encontrado
blog/captacao-imoveis-baixa-temporada-guaruja-ia.html,/,interno_absoluto,,BAIXA,destino não encontrado
blog/captacao-imoveis-baixa-temporada-imobiliaria.html,/,interno_absoluto,,BAIXA,destino não encontrado
blog/captacao-imoveis-feriado-bertioga-ia.html,/,interno_absoluto,,BAIXA,destino não encontrado
blog/captacao-imoveis-indicacao-script-corretores-litoral-2026.html,../captacao-imoveis-indicacao-litoral-script-abordagem-2026.html,interno_relativo,,BAIXA,destino não encontrado
blog/captacao-imoveis-inverno-litoral-2026.html,../checklist-captacao-temporada.md,interno_relativo,,BAIXA,destino não encontrado
blog/captacao-imoveis-inverno-saovicente-ia.html,/,interno_absoluto,,BAIXA,destino não encontrado
blog/captacao-imoveis-litoral-sem-taxa-2026.html,/,interno_absoluto,,BAIXA,destino não encontrado
blog/captacao-imoveis-verao-praiagrande-ia.html,/,interno_absoluto,,BAIXA,destino não encontrado
blog/captacao-leads-ia-litoral-paulista-30-dias.html,/,interno_absoluto,,BAIXA,destino não encontrado
blog/captacao-leads-imobiliaria-litoral-ia.html,/,interno_absoluto,,BAIXA,destino não encontrado
blog/captacao-leads-imobiliarias-google-maps.html,/,interno_absoluto,,BAIXA,destino não encontrado
blog/carrossel.html,../sazonalidade-aluguel-litoral-preco-por-mes-2026-08-07.html,interno_relativo,,BAIXA,destino não encontrado
blog/casa-condominio-praiagrande-ia.html,/,interno_absoluto,,BAIXA,destino não encontrado
blog/casa-familia-praiagrande-zona-sul-ia.html,/,interno_absoluto,,BAIXA,destino não encontrado
blog/casa-investidor-peruibe-ia.html,/,interno_absoluto,,BAIXA,destino não encontrado
blog/casa-investidor-zona-sul-santos-ia.html,/,interno_absoluto,,BAIXA,destino não encontrado
blog/casa-venda-guaruja-ia.html,/,interno_absoluto,,BAIXA,destino não encontrado
blog/cases-ia-imobiliarias-litoral-paulista.html,/,interno_absoluto,,BAIXA,destino não encontrado
blog/cases-parcerias-imobiliarias-litoral-2026.html,/,interno_absoluto,,BAIXA,destino não encontrado
blog/chatbot-imobiliaria-gratis-litoral.html,/,interno_absoluto,,BAIXA,destino não encontrado
blog/checklist-captacao-imoveis-temporada-litoral-2026.html,/,interno_absoluto,,BAIXA,destino não encontrado
blog/checklist-imobiliaria-digital-vs-tradicional-litoral.html,/,interno_absoluto,,BAIXA,destino não encontrado
blog/checklist-rapida-reduzir-objecao-antes-visita-litoral-2026.html,/,interno_absoluto,,BAIXA,destino não encontrado
blog/checklist-rapido-captacao-imoveis-litoral-2026.html,/,interno_absoluto,,BAIXA,destino não encontrado
blog/cobertura-aluguel-bertioga-ia.html,/,interno_absoluto,,BAIXA,destino não encontrado
blog/cobertura-aposentado-bertioga-ia.html,/,interno_absoluto,,BAIXA,destino não encontrado
blog/cobertura-familia-mongagua-ia.html,/,interno_absoluto,,BAIXA,destino não encontrado
blog/como-calcular-rentabilidade-imovel-temporada-litoral-sp-2026.html,../imoveis/,interno_relativo,,BAIXA,destino não encontrado
blog/como-converter-visitantes-parceiros-litoral-2026.html,/,interno_absoluto,,BAIXA,destino não encontrado
blog/como-escolher-imovel-litoral.html,/,interno_absoluto,,BAIXA,destino não encontrado
blog/como-ganhar-dinheiro-aluguel-temporada-litoral-2026.html,../rentabilidade-aluguel-temporada-cidade-litoral-paulista-2026.html,interno_relativo,,BAIXA,destino não encontrado
blog/como-usar-whatsapp-vendas-imoveis-litoral-2026.html,/,interno_absoluto,,BAIXA,destino não encontrado
blog/comparativo-bairros-litoral-paulista.html,/,interno_absoluto,,BAIXA,destino não encontrado
blog/compra-imovel-litoral-caracteres-ocultos-golpe-2026.html,../como-evitar-golpes-fraudes-compra-imovel-litoral-2026.html,interno_relativo,,BAIXA,destino não encontrado
blog/comprar-imovel-bertioga-2026.html,../financiamento-imovel-litoral-2026.html,interno_relativo,,BAIXA,destino não encontrado
blog/comprar-imovel-bertioga-2026.html,../riviera-sao-lourenco-vs-litoral-norte-comparacao-2026.html,interno_relativo,,BAIXA,destino não encontrado
blog/comprar-imovel-caraguatatuba-2026.html,../financiamento-imovel-litoral-2026.html,interno_relativo,,BAIXA,destino não encontrado
blog/comprar-imovel-caraguatatuba-2026.html,../aluguel-temporada-caraguatatuba.html,interno_relativo,,BAIXA,destino não encontrado
blog/comprar-imovel-guaruja-2026.html,../financiamento-imovel-litoral-2026.html,interno_relativo,,BAIXA,destino não encontrado
blog/comprar-imovel-guaruja-2026.html,../aluguel-temporada-guaruja.html,interno_relativo,,BAIXA,destino não encontrado
blog/comprar-imovel-guaruja-2026.html,../bairros/guaruja/jardim-acapulco.html,interno_relativo,,BAIXA,destino não encontrado
blog/comprar-imovel-na-planta-litoral-sp-2026.html,../bairros/bertioga/riviera-de-sao-lourenco.html,interno_relativo,,BAIXA,destino não encontrado
blog/comprar-imovel-na-planta-litoral-sp-2026.html,../imoveis/,interno_relativo,,BAIXA,destino não encontrado
blog/comprar-imovel-sao-sebastiao-2026.html,/,interno_absoluto,,BAIXA,destino não encontrado
blog/comprar-imovel-sao-sebastiao-2026.html,../blog/,interno_relativo,,BAIXA,destino não encontrado
blog/consorcio-aderon-contratar-2026.html,/,interno_absoluto,,BAIXA,destino não encontrado
blog/consorcio-automoveis-2026-economia-carro-2026.html,/,interno_absoluto,,BAIXA,destino não encontrado
blog/consorcio-imobiliario-litoral-aluguel-temporada-2026.html,/,interno_absoluto,,BAIXA,destino não encontrado
blog/consorcio-imobiliario-vs-financiamento-2026.html,/,interno_absoluto,,BAIXA,destino não encontrado
blog/consorcio-litoral-paulista-guia-investidor-2026.html,/,interno_absoluto,,BAIXA,destino não encontrado
blog/consorcio-para-corretores-imobiliarios-2026.html,/,interno_absoluto,,BAIXA,destino não encontrado
blog/construtoras-digitais-litoral-paulista.html,/,interno_absoluto,,BAIXA,destino não encontrado
blog/consultoria-ia-imobiliaria-litoral-paulista-leve.html,/,interno_absoluto,,BAIXA,destino não encontrado
blog/consultoria-ia-imobiliaria-litoral-personalizado.html,/,interno_absoluto,,BAIXA,destino não encontrado
blog/conteudo-educativo-imobiliarias-litoral-2026.html,../seo-conteudo-imobiliarias-litoral-2026.html,interno_relativo,,BAIXA,destino não encontrado
blog/conteudo-educativo-imobiliarias-litoral-2026.html,../docs/materiais/checklist-inbound-marketing-imobiliarias-litoral-2026.md,interno_relativo,,BAIXA,destino não encontrado
blog/contrato-compra-venda-imovel-litoral-2026.html,../modelo-contrato-compra-venda-imovel-litoral.md,interno_relativo,,BAIXA,destino não encontrado
blog/corretor-litoral-tecnicas-fechar-vendas-rapido-2026.html,../tecnica-fechamento-vendas-corretores-litoral-2026.html,interno_relativo,,BAIXA,destino não encontrado
blog/corretores-autonomos-ia-competir-imobiliarias.html,/,interno_absoluto,,BAIXA,destino não encontrado
blog/corretores-imobiliarias-bertioga.html,/,interno_absoluto,,BAIXA,destino não encontrado
blog/corretores-imoveis-dicas-litoral.html,/,interno_absoluto,,BAIXA,destino não encontrado
blog/crm-gratis-corretores-litoral-2026.html,../checklist-followup-corretores-litoral.md,interno_relativo,,BAIXA,destino não encontrado
blog/crm-ia-imobiliaria-litoral.html,/,interno_absoluto,,BAIXA,destino não encontrado
blog/crm-para-corretores-primeiro-contato-fechamento.html,../assets/css/main.css,interno_relativo,,BAIXA,destino não encontrado
blog/crm-para-corretores-primeiro-contato-fechamento.html,/,interno_absoluto,,BAIXA,destino não encontrado
blog/crm-para-corretores-primeiro-contato-fechamento.html,../blog.html,interno_relativo,,BAIXA,destino não encontrado
blog/crm-para-corretores-primeiro-contato-fechamento.html,../cursos.html,interno_relativo,,BAIXA,destino não encontrado
blog/custos-imovel-praia.html,/,interno_absoluto,,BAIXA,destino não encontrado
blog/diagnostico-ia-imobiliaria-gratis.html,/,interno_absoluto,,BAIXA,destino não encontrado
blog/diferenciacao-pequenas-imobiliarias-litoral-2026.html,/,interno_absoluto,,BAIXA,destino não encontrado
blog/doacao-imovel-litoral-formalidades-custos-2026.html,../documentacao-venda-imovel-litoral-checklist-2026.html,interno_relativo,,BAIXA,destino não encontrado
blog/documentacao-compra-imovel-litoral-paulista-2026.html,../checklist-primeiro-imovel-litoral.md,interno_relativo,,BAIXA,destino não encontrado
blog/dossie-conquista-corretores-autonomos-litoral-paulista.html,/,interno_absoluto,,BAIXA,destino não encontrado
blog/dossie-conquista-pequenas-imobiliarias-litoral-paulista.html,/,interno_absoluto,,BAIXA,destino não encontrado
blog/economia-anuncios-imobiliaria-ia.html,/,interno_absoluto,,BAIXA,destino não encontrado
blog/educacao-continuada-corretores-filmes-series-estudo-2026.html,/,interno_absoluto,,BAIXA,destino não encontrado
blog/eventos-locais-captar-imoveis-litoral-2026.html,../captacao-imoveis-litoral-sem-custo-2026.html,interno_relativo,,BAIXA,destino não encontrado
blog/eventos-networking-imobiliario-litoral-2026.html,../networking-corretores-litoral-2026.html,interno_relativo,,BAIXA,destino não encontrado
blog/eventos-networking-imobiliario-litoral-2026.html,../captacao-imoveis-litoral-sem-custo-2026.html,interno_relativo,,BAIXA,destino não encontrado
blog/familia-guaruja-zona-leste-ia.html,/,interno_absoluto,,BAIXA,destino não encontrado
blog/familia-itanhaem-zona-norte-ia.html,/,interno_absoluto,,BAIXA,destino não encontrado
blog/familia-praiagrande-zona-sul-ia.html,/,interno_absoluto,,BAIXA,destino não encontrado
blog/faq-bairro-imobiliarias-litoral-2026.html,/,interno_absoluto,,BAIXA,destino não encontrado
blog/faq-bairro-reduzir-objecao-litoral-2026.html,/,interno_absoluto,,BAIXA,destino não encontrado
blog/faq-site-imobiliarias-litoral-2026.html,../faq-termos-privacidade.html,interno_relativo,,BAIXA,destino não encontrado
blog/fechamento-rapido-leads-quentes-litoral-2026.html,/,interno_absoluto,,BAIXA,destino não encontrado
blog/ferramenta-ia-imobiliaria-gratis.html,/,interno_absoluto,,BAIXA,destino não encontrado
blog/ferramentas-ia-gratuitas-imobiliaria.html,/,interno_absoluto,,BAIXA,destino não encontrado
blog/financiamento-imobiliario-litoral-passo-passo-2026.html,../checklist-primeiro-imovel-litoral.md,interno_relativo,,BAIXA,destino não encontrado
blog/financiamento-imovel-litoral.html,/,interno_absoluto,,BAIXA,destino não encontrado
blog/fluxo-captacao-imoveis-sem-invasivo-litoral-2026.html,../checklist-captacao-temporada.md,interno_relativo,,BAIXA,destino não encontrado
blog/followup-pos-visita-sem-insistencia-litoral-2026.html,/,interno_absoluto,,BAIXA,destino não encontrado
blog/followup-whatsapp-corretores-litoral-2026.html,../checklist-followup-corretores-litoral.md,interno_relativo,,BAIXA,destino não encontrado
blog/framework-captacao-ia-imobiliaria-litoral-paulista.html,/,interno_absoluto,,BAIXA,destino não encontrado
blog/framework-captacao-imoveis-litoral.html,/,interno_absoluto,,BAIXA,destino não encontrado
blog/geracao-leads-alta-temporada-litoral.html,/,interno_absoluto,,BAIXA,destino não encontrado
blog/gestao-receita-temporada-imobiliarias-litoral-2026.html,/,interno_absoluto,,BAIXA,destino não encontrado
blog/google-maps-imobiliarias-litoral-paulista-2026.html,../google-business-profile-imobiliarias-litoral-2026.html,interno_relativo,,BAIXA,destino não encontrado
blog/governanca-compliance-imobiliarias-litoral-2026.html,../modelo-termo-uso-site-imobiliario-litoral-2026.md,interno_relativo,,BAIXA,destino não encontrado
blog/guia-aluguel-temporada-imoveis-litoral-ia.html,/,interno_absoluto,,BAIXA,destino não encontrado
blog/guia-imoveis-frente-mar-bertioga.html,/,interno_absoluto,,BAIXA,destino não encontrado
blog/guia-pratico-ia-imobiliaria-litoral-paulista.html,/,interno_absoluto,,BAIXA,destino não encontrado
blog/guia-seo-local-imobiliaria-litoral-paulista.html,/,interno_absoluto,,BAIXA,destino não encontrado
blog/home-staging-imoveis-praia-vender-mais-rapido-2026.html,../captacao-imoveis-litoral-sem-custo-2026.html,interno_relativo,,BAIXA,destino não encontrado
blog/ia-generativa-marketing-imobiliario-litoral.html,/,interno_absoluto,,BAIXA,destino não encontrado
blog/ia-para-administradores-imoveis-litoral.html,/,interno_absoluto,,BAIXA,destino não encontrado
blog/ia-para-aluguel-temporada-litoral.html,/,interno_absoluto,,BAIXA,destino não encontrado
blog/ia-para-apto-litoral.html,/,interno_absoluto,,BAIXA,destino não encontrado
blog/ia-para-casa-litoral.html,/,interno_absoluto,,BAIXA,destino não encontrado
blog/ia-para-corretores-autonomos-litoral-paulista.html,/,interno_absoluto,,BAIXA,destino não encontrado
blog/ia-para-corretores-imoveis-litoral.html,/,interno_absoluto,,BAIXA,destino não encontrado
blog/ia-para-corretores-iniciantes-litoral.html,/,interno_absoluto,,BAIXA,destino não encontrado
blog/ia-para-imobiliaria-bertioga.html,/,interno_absoluto,,BAIXA,destino não encontrado
blog/ia-para-imobiliaria-guaruja.html,/,interno_absoluto,,BAIXA,destino não encontrado
blog/ia-para-imobiliaria-itanhaem.html,/,interno_absoluto,,BAIXA,destino não encontrado
blog/ia-para-imobiliaria-mongagua.html,/,interno_absoluto,,BAIXA,destino não encontrado
blog/ia-para-imobiliaria-peruibe.html,/,interno_absoluto,,BAIXA,destino não encontrado
blog/ia-para-imobiliaria-praia-grande.html,/,interno_absoluto,,BAIXA,destino não encontrado
blog/ia-para-imobiliaria-santos.html,/,interno_absoluto,,BAIXA,destino não encontrado
blog/ia-para-imobiliaria-sao-vicente.html,/,interno_absoluto,,BAIXA,destino não encontrado
blog/ia-para-imobiliaria-tradicional-litoral-paulista.html,/,interno_absoluto,,BAIXA,destino não encontrado
blog/ia-para-imobiliarias-iniciantes.html,/,interno_absoluto,,BAIXA,destino não encontrado
blog/ia-para-imoveis-luxo-litoral.html,/,interno_absoluto,,BAIXA,destino não encontrado
blog/ia-para-investidores-imoveis-litoral.html,/,interno_absoluto,,BAIXA,destino não encontrado
blog/ia-para-investidores-litoral-paulista.html,/,interno_absoluto,,BAIXA,destino não encontrado
blog/ia-para-lancamentos-imoveis-litoral.html,/,interno_absoluto,,BAIXA,destino não encontrado
blog/ia-para-primeira-compra-imovel-litoral.html,/,interno_absoluto,,BAIXA,destino não encontrado
blog/ia-seo-local-rapido-imobiliaria.html,/,interno_absoluto,,BAIXA,destino não encontrado
blog/ia-suporte-cliente-imobiliaria-litoral.html,/,interno_absoluto,,BAIXA,destino não encontrado
blog/imobiliaria-litoral-cultura-atendimento-cliente-2026.html,../checklist-atendimento-imobiliaria-litoral-2026.html,interno_relativo,,BAIXA,destino não encontrado
blog/imoveis-alto-padrao-litoral-ia.html,/,interno_absoluto,,BAIXA,destino não encontrado
blog/imoveis-bertioga-sp.html,/,interno_absoluto,,BAIXA,destino não encontrado
blog/imoveis-desconto-litoral-paulista.html,/,interno_absoluto,,BAIXA,destino não encontrado
blog/imoveis-na-planta-bertioga-ia.html,/,interno_absoluto,,BAIXA,destino não encontrado
blog/imoveis-na-planta-guaruja-zona-leste-ia.html,/,interno_absoluto,,BAIXA,destino não encontrado
blog/imoveis-na-planta-santos-ia.html,/,interno_absoluto,,BAIXA,destino não encontrado
blog/imoveis-na-planta-sao-vicente-ia.html,/,interno_absoluto,,BAIXA,destino não encontrado
blog/imovel-litoral-documentacao-consulta-online-2026.html,../documentacao-venda-imovel-litoral-checklist-2026.html,interno_relativo,,BAIXA,destino não encontrado
blog/imovel-litoral-seguranca-aluguel-temporada-2026.html,../aluguel-temporada-litoral-seguro-obrigatorio-2026.html,interno_relativo,,BAIXA,destino não encontrado
blog/imovel-litoral-seguranca-camera-monitoramento-2026.html,../imovel-litoral-seguranca-fechadura-inteligente-2026.html,interno_relativo,,BAIXA,destino não encontrado
blog/imovel-litoral-sindico-deveres-gestao-2026.html,../imovel-litoral-convencao-condominial-modificacao-2026.html,interno_relativo,,BAIXA,destino não encontrado
blog/imovel-litoral-tecnologia-economia-energia-2026.html,../imovel-litoral-sustentabilidade-recursos-2026.html,interno_relativo,,BAIXA,destino não encontrado
blog/imovel-litoral-ventilacao-casa-verao-2026.html,../imovel-litoral-conforto-termico-clima-umido-2026.html,interno_relativo,,BAIXA,destino não encontrado
blog/indicadores-crescimento-imobiliaria-litoral-2026.html,/,interno_absoluto,,BAIXA,destino não encontrado
blog/intencao-compra-litoral-requalificacao-2026.html,/,interno_absoluto,,BAIXA,destino não encontrado
blog/investidor-guaruja-zona-oeste-ia.html,/,interno_absoluto,,BAIXA,destino não encontrado
blog/investidor-imovel-litoral-receita-aluguel-tributacao-2026.html,../aluguel-temporada-litoral-controle-receita-2026.html,interno_relativo,,BAIXA,destino não encontrado
blog/investidor-sao-vicente-ia.html,/,interno_absoluto,,BAIXA,destino não encontrado
blog/investidor-zona-sul-santos-ia.html,/,interno_absoluto,,BAIXA,destino não encontrado
blog/investimento-bertioga.html,/,interno_absoluto,,BAIXA,destino não encontrado
blog/investimento-no-litoral-bertioga.html,/,interno_absoluto,,BAIXA,destino não encontrado
blog/kit-abordagem-b2b-imobiliaria-litoral.html,/,interno_absoluto,,BAIXA,destino não encontrado
blog/lancamento-apto-aposentado-saovicente-ia.html,/,interno_absoluto,,BAIXA,destino não encontrado
blog/lancamento-apto-familia-zona-norte-santos-ia.html,/,interno_absoluto,,BAIXA,destino não encontrado
blog/lancamento-apto-investidor-guaruja-zona-leste-ia.html,/,interno_absoluto,,BAIXA,destino não encontrado
blog/lancamento-apto-investidor-santos-zona-norte-ia.html,/,interno_absoluto,,BAIXA,destino não encontrado
blog/lancamento-casa-familia-guaruja-zona-oeste-ia.html,/,interno_absoluto,,BAIXA,destino não encontrado
blog/lancamento-casa-familia-praiagrande-zona-sul-ia.html,/,interno_absoluto,,BAIXA,destino não encontrado
blog/lancamento-casa-investidor-peruibe-ia.html,/,interno_absoluto,,BAIXA,destino não encontrado
blog/lancamento-casa-investidor-zona-sul-santos-ia.html,/,interno_absoluto,,BAIXA,destino não encontrado
blog/lancamento-cobertura-aposentado-bertioga-ia.html,/,interno_absoluto,,BAIXA,destino não encontrado
blog/lancamento-cobertura-familia-mongagua-ia.html,/,interno_absoluto,,BAIXA,destino não encontrado
blog/lancamentos-bertioga-riviera-ia.html,/,interno_absoluto,,BAIXA,destino não encontrado
blog/lancamentos-guaruja-ia.html,/,interno_absoluto,,BAIXA,destino não encontrado
blog/lancamentos-praiagrande-ia.html,/,interno_absoluto,,BAIXA,destino não encontrado
blog/lancamentos-santos-zona-norte-ia.html,/,interno_absoluto,,BAIXA,destino não encontrado
blog/mapas-bairros-seo-imobiliarias-litoral-2026.html,../neighborhood.html,interno_relativo,,BAIXA,destino não encontrado
blog/marina-usucapiao-averbacao-imoveis-litoral-sp-2026.html,../assets/css/main.css,interno_relativo,,BAIXA,destino não encontrado
blog/marina-usucapiao-averbacao-imoveis-litoral-sp-2026.html,/,interno_absoluto,,BAIXA,destino não encontrado
blog/marina-usucapiao-averbacao-imoveis-litoral-sp-2026.html,../imoveis/,interno_relativo,,BAIXA,destino não encontrado
blog/marina-usucapiao-averbacao-imoveis-litoral-sp-2026.html,../bairros/,interno_relativo,,BAIXA,destino não encontrado
blog/marina-usucapiao-averbacao-imoveis-litoral-sp-2026.html,../blog/,interno_relativo,,BAIXA,destino não encontrado
blog/marina-usucapiao-averbacao-imoveis-litoral-sp-2026.html,../avaliar-imovel-na-planta-litoral-sp-2026.html,interno_relativo,,BAIXA,destino não encontrado
blog/marina-usucapiao-averbacao-imoveis-litoral-sp-2026.html,../checklist-visita-imovel-temporada-litoral-2026.html,interno_relativo,,BAIXA,destino não encontrado
blog/marketing-digital-corretores-litoral.html,/,interno_absoluto,,BAIXA,destino não encontrado
blog/marketing-digital-imobiliaria-litoral-paulista.html,/,interno_absoluto,,BAIXA,destino não encontrado
blog/marketing-digital-imoveis-luxo-exterior-litoral-2026.html,../anunciar-imoveis-luxo-instagram-2026.html,interno_relativo,,BAIXA,destino não encontrado
blog/marketing-local-imobiliarias-litoral-ia.html,/,interno_absoluto,,BAIXA,destino não encontrado
blog/mercado-bertioga-2026.html,/,interno_absoluto,,BAIXA,destino não encontrado
blog/mini-site-imobiliaria-local-captacao-litoral-2026.html,/,interno_absoluto,,BAIXA,destino não encontrado
blog/modelo-parceria-ganho-compartilhado-imobiliaria-litoral-paulista.html,/,interno_absoluto,,BAIXA,destino não encontrado
blog/modelo-proposta-imobiliaria-digital-litoral.html,/,interno_absoluto,,BAIXA,destino não encontrado
blog/modelo-white-label-imobiliaria-ia.html,/,interno_absoluto,,BAIXA,destino não encontrado
blog/negociacao-imoveis-litoral-dados-2026.html,/,interno_absoluto,,BAIXA,destino não encontrado
blog/newsletter-imobiliaria-litoral-ia.html,/,interno_absoluto,,BAIXA,destino não encontrado
blog/newsletter-semanal-mercado-imobiliario-litoral.html,/,interno_absoluto,,BAIXA,destino não encontrado
blog/nps-imobiliarias-litoral-paulista-2026.html,../modelo-pesquisa-nps-imobiliaria-litoral-2026.md,interno_relativo,,BAIXA,destino não encontrado
blog/objecao-valor-alto-negociacao-litoral-2026.html,/,interno_absoluto,,BAIXA,destino não encontrado
blog/oferta-parceria-ganha-ganha-ia-imobiliaria.html,/,interno_absoluto,,BAIXA,destino não encontrado
blog/onboarding-parceiros-imobiliarias-litoral-2026.html,/,interno_absoluto,,BAIXA,destino não encontrado
blog/orcamento-familiar-compra-imovel-litoral-2026.html,/,interno_absoluto,,BAIXA,destino não encontrado
blog/parceria-ganho-compartilhado-imobiliaria.html,/,interno_absoluto,,BAIXA,destino não encontrado
blog/parcerias-imobiliarias-litoral-ia.html,/,interno_absoluto,,BAIXA,destino não encontrado
blog/parcerias-imobiliarias-litoral-praia-digital-2026.html,/,interno_absoluto,,BAIXA,destino não encontrado
blog/passo-a-passo-implementar-ia-imobiliaria-sem-investimento-inicial.html,/,interno_absoluto,,BAIXA,destino não encontrado
blog/pendencias-documentais-compra-imovel-litoral-2026.html,/,interno_absoluto,,BAIXA,destino não encontrado
blog/piloto-30-dias-imobiliaria-ia-litoral-paulista.html,/,interno_absoluto,,BAIXA,destino não encontrado
blog/piloto-sem-custo-imobiliaria-litoral-2026.html,/,interno_absoluto,,BAIXA,destino não encontrado
blog/planejamento-estrategico-imobiliaria-litoral-2026.html,../diferensiacaocompetitiva-imobiliarias-litoral-2026.html,interno_relativo,,BAIXA,destino não encontrado
blog/planejamento-mudanca-bertioga.html,/,interno_absoluto,,BAIXA,destino não encontrado
blog/planejamento-sazonal-imoveis-litoral-ia.html,/,interno_absoluto,,BAIXA,destino não encontrado
blog/plano-captacao-ia-litoral-paulista-30-dias.html,/,interno_absoluto,,BAIXA,destino não encontrado
blog/pos-venda-corretores-litoral-ia.html,/,interno_absoluto,,BAIXA,destino não encontrado
blog/pos-venda-inverno-imobiliarias-litoral-2026.html,/,interno_absoluto,,BAIXA,destino não encontrado
blog/predicao-mercado-imoveis-litoral-2026.html,/,interno_absoluto,,BAIXA,destino não encontrado
blog/primeira-compra-peruibe-ia.html,/,interno_absoluto,,BAIXA,destino não encontrado
blog/primeira-compra-zona-norte-santos-ia.html,/,interno_absoluto,,BAIXA,destino não encontrado
blog/primeiro-imovel-litoral-sp-guia-comprar-2026.html,../assets/css/main.css,interno_relativo,,BAIXA,destino não encontrado
blog/primeiro-imovel-litoral-sp-guia-comprar-2026.html,/,interno_absoluto,,BAIXA,destino não encontrado
blog/primeiro-imovel-litoral-sp-guia-comprar-2026.html,../imoveis/,interno_relativo,,BAIXA,destino não encontrado
blog/primeiro-imovel-litoral-sp-guia-comprar-2026.html,../bairros/,interno_relativo,,BAIXA,destino não encontrado
blog/primeiro-imovel-litoral-sp-guia-comprar-2026.html,../blog/,interno_relativo,,BAIXA,destino não encontrado
blog/primeiro-imovel-litoral-sp-guia-comprar-2026.html,../avaliar-imovel-usado-litoral-sp-2026.html,interno_relativo,,BAIXA,destino não encontrado
blog/primeiro-imovel-litoral-sp-guia-comprar-2026.html,../financiamento-imovel-litoral-sp-2026.html,interno_relativo,,BAIXA,destino não encontrado
blog/proposta-comercial-imobiliaria-litoral-2026.html,/,interno_absoluto,,BAIXA,destino não encontrado
blog/proposta-sem-reuniao-fechar-litoral-2026.html,/,interno_absoluto,,BAIXA,destino não encontrado
blog/proposta-valor-unica-imobiliaria-litoral-2026.html,../diferensiacaocompetitiva-imobiliarias-litoral-2026.html,interno_relativo,,BAIXA,destino não encontrado
blog/prospeccao-imobiliaria-litoral-metodo-pratico.html,/,interno_absoluto,,BAIXA,destino não encontrado
blog/quanto-custa-morar-em-bertioga-2026.html,../bairros/bertioga/riviera-de-sao-lourenco.html,interno_relativo,,BAIXA,destino não encontrado
blog/quanto-custa-morar-em-bertioga-2026.html,../imoveis/,interno_relativo,,BAIXA,destino não encontrado
blog/quanto-vale-terreno-litoral-paulista.html,/,interno_absoluto,,BAIXA,destino não encontrado
blog/quero-crescer-com-ia.html,/,interno_absoluto,,BAIXA,destino não encontrado
blog/relatorios-mercado-imobiliario-ia.html,/,interno_absoluto,,BAIXA,destino não encontrado
blog/resultados-ia-imobiliaria-litoral.html,/,interno_absoluto,,BAIXA,destino não encontrado
blog/retorno-aluguel-temporada-indicadores-2026.html,../rentabilidade-aluguel-temporada-cidade-litoral-paulista-2026.html,interno_relativo,,BAIXA,destino não encontrado
blog/retorno-parceria-imobiliaria-litoral-2026.html,/,interno_absoluto,,BAIXA,destino não encontrado
blog/riviera-de-sao-lourenco-vs-litoral-norte-sp-2026.html,../bairros/bertioga/riviera-de-sao-lourenco.html,interno_relativo,,BAIXA,destino não encontrado
blog/riviera-de-sao-lourenco-vs-litoral-norte-sp-2026.html,../imoveis/,interno_relativo,,BAIXA,destino não encontrado
blog/roi-ia-imobiliaria-litoral-paulista.html,/,interno_absoluto,,BAIXA,destino não encontrado
blog/roteiro-pos-visita-imobiliaria-litoral-2026.html,/,interno_absoluto,,BAIXA,destino não encontrado
blog/roteiro-video-diario-corretor-litoral-2026.html,/,interno_absoluto,,BAIXA,destino não encontrado
blog/roteiro-video-imoveis-curto-ia.html,/,interno_absoluto,,BAIXA,destino não encontrado
blog/satisfacao-cliente-imobiliarias-litoral-2026.html,../modelo-pesquisa-satisfacao-imobiliaria-litoral-2026.md,interno_relativo,,BAIXA,destino não encontrado
blog/scripts-ligacao-rapida-corretores-litoral-2026.html,/,interno_absoluto,,BAIXA,destino não encontrado
blog/selecao-leads-qualificados-litoral-2026.html,/,interno_absoluto,,BAIXA,destino não encontrado
blog/seo-captar-compradores-litoral-2026.html,../financiamento-imoveis-litoral-2026.html,interno_relativo,,BAIXA,destino não encontrado
blog/seo-local-bairros-litoral-paulista-2026.html,../zona-leste-santos-imoveis-ia.html,interno_relativo,,BAIXA,destino não encontrado
blog/seo-local-bairros-litoral-paulista-2026.html,../zona-oeste-santos-imoveis-ia.html,interno_relativo,,BAIXA,destino não encontrado
blog/seo-local-bairros-litoral-paulista-2026.html,../zona-norte-guaruja-imoveis-ia.html,interno_relativo,,BAIXA,destino não encontrado
blog/swot-imobiliaria-litoral-paulista-2026.html,../modelo-swot-imobiliaria-litoral-2026.md,interno_relativo,,BAIXA,destino não encontrado
blog/taxa-ocupacao-alta-temporada-litoral-imoveis-2026.html,/,interno_absoluto,,BAIXA,destino não encontrado
blog/temporada-conteudo-seo-imobiliarias-litoral-2026.html,../seo-temporada-imoveis-litoral-2026.html,interno_relativo,,BAIXA,destino não encontrado
blog/temporada-conteudo-seo-imobiliarias-litoral-2026.html,../aluguel-temporada-litoral-guia-2026.html,interno_relativo,,BAIXA,destino não encontrado
blog/temporada-verao-imovel-praia.html,/,interno_absoluto,,BAIXA,destino não encontrado
blog/tendencias-ia-imobiliaria-2027.html,/,interno_absoluto,,BAIXA,destino não encontrado
blog/tendencias-ia-imobiliaria-2027.html,../blog/,interno_relativo,,BAIXA,destino não encontrado
blog/treinamento-corretores-imoveis-litoral-2026.html,../script-ligacao-corretores-litoral.md,interno_relativo,,BAIXA,destino não encontrado
blog/treinamento-corretores-imoveis-litoral-2026.html,../guia-apresentacao-imoveis-litoral.md,interno_relativo,,BAIXA,destino não encontrado
blog/vantagens-morar-bertioga.html,/,interno_absoluto,,BAIXA,destino não encontrado
blog/vendas-imoveis-litoral-com-ia.html,/,interno_absoluto,,BAIXA,destino não encontrado
blog/video-imobiliario-profissional-aumentar-vendas-2026.html,/,interno_absoluto,,BAIXA,destino não encontrado
blog/webinar-ia-imobiliaria-litoral.html,/,interno_absoluto,,BAIXA,destino não encontrado
blog/whatsapp-assistente-virtual-imobiliaria.html,/,interno_absoluto,,BAIXA,destino não encontrado
blog/zona-bertioga-imoveis-ia.html,/,interno_absoluto,,BAIXA,destino não encontrado
blog/zona-itanhaem-imoveis-ia.html,/,interno_absoluto,,BAIXA,destino não encontrado
blog/zona-itapua-santos-imoveis-ia.html,/,interno_absoluto,,BAIXA,destino não encontrado
blog/zona-leste-guaruja-imoveis-ia.html,/,interno_absoluto,,BAIXA,destino não encontrado
blog/zona-mongagua-imoveis-ia.html,/,interno_absoluto,,BAIXA,destino não encontrado
blog/zona-norte-santos-imoveis-ia.html,/,interno_absoluto,,BAIXA,destino não encontrado
blog/zona-oeste-guaruja-imoveis-ia.html,/,interno_absoluto,,BAIXA,destino não encontrado
blog/zona-peruibe-imoveis-ia.html,/,interno_absoluto,,BAIXA,destino não encontrado
blog/zona-praiagrande-imoveis-ia.html,/,interno_absoluto,,BAIXA,destino não encontrado
blog/zona-sao-vicente-imoveis-ia.html,/,interno_absoluto,,BAIXA,destino não encontrado
blog/zona-sul-santos-imoveis-ia.html,/,interno_absoluto,,BAIXA,destino não encontrado
