grupo,url,tema,intencao,papel_atual,acao_recomendada,url_canonica_candidata,conteudo_a_preservar,conteudo_a_absorver,risco
Escritura/registro,blog/escritura-registro-imovel-litoral-passo-passo-2026.html,Escritura e registro,Guia passo a passo,Canônica forte,MANTER,blog/escritura-registro-imovel-litoral-passo-passo-2026.html,"Passos, documentos, cartório, prazos",Custos detalhados da outra página,BAIXO
Escritura/registro,blog/escritura-imovel-litoral-passos-custos-2026.html,Escritura e custos,Passos e custos,Duplicidade,REDIRECIONAR — PROPOSTA,blog/escritura-registro-imovel-litoral-passo-passo-2026.html,Seção de custos/itbi/registro,–,MÉDIO
Financiamento,blog/financiamento-imoveis-litoral-guia.html,Financiamento geral,Guia principal,Canônica natural,MANTER,blog/financiamento-imoveis-litoral-guia.html,"Visão geral, tipos, dicas, aprovação",Trechos específicos das páginas 2026,BAIXO
Financiamento,blog/financiamento-imobiliario-litoral-guia-2026.html,Financiamento litoral,Guia regional,Duplicidade,REDIRECIONAR — PROPOSTA,blog/financiamento-imoveis-litoral-guia.html,Exemplos litoral se únicos,–,MÉDIO
Financiamento,blog/financiamento-imoveis-litoral-paulista-guia-2026.html,Financiamento litoral paulista,Guia estadual,Duplicidade,REDIRECIONAR — PROPOSTA,blog/financiamento-imoveis-litoral-guia.html,Abrangência estadual se relevante,–,MÉDIO
Avaliação,blog/avaliacao-preco-imoveis-litoral.html,Avaliação de preço,Serviço/conteúdo,Canônica forte,MANTER,blog/avaliacao-preco-imoveis-litoral.html,"Métodos, mercado, precificação, checklist",Comparativos/métodos da outra página,BAIXO
Avaliação,blog/avaliacao-preco-mercado-litoral.html,Avaliação mercado,Conteúdo genérico,Duplicidade,REDIRECIONAR — PROPOSTA,blog/avaliacao-preco-imoveis-litoral.html,Método comparativo se único,–,MÉDIO
Documentação compra,blog/documentacao-compra-imovel-litoral-guia-2026.html,Documentação compra,Guia completo,Canônica preferencial,MANTER,blog/documentacao-compra-imovel-litoral-guia-2026.html,"Listagem por etapa, prazos, documentos",Checklist resumido da outra página,BAIXO
Documentação compra,blog/documentos-essenciais-compra-imovel-litoral-2026.html,Documentos essenciais,Checklist/guia,Relacionado,CONSOLIDAR,blog/documentacao-compra-imovel-litoral-guia-2026.html,"Checklist direto, exemplos práticos, erros comuns",–,MÉDIO
Documentação genérica,blog/documentacao-completa-imovel-2026.html,Documentação completa,Genérica,Hub fraco,OBSERVAR,CANÔNICA INDEFINIDA — REVISÃO NECESSÁRIA,Visão genérica se única,–,ALTO
Hub introdutório,blog/biblioteca-contratos-documentos-imobiliaria.html,Biblioteca contratos,Hub introdutório,Possível hub,EXPANDIR,blog/biblioteca-contratos-documentos-imobiliaria.html,"Lista de contratos/modelos, uso por estágio",Guias especializados quando distintos,MÉDIO
Documentação venda,blog/documentacao-venda-imovel-litoral-passos-2026.html,Documentação venda,Passos venda,Canônica preferencial,MANTER,blog/documentacao-venda-imovel-litoral-passos-2026.html,"Passos, documentos, prazos",–,BAIXO
Documentação venda,blog/documentos-venda-imovel-litoral-checklist-2026.html,Checklist venda,Checklist,Relacionado,MANTER,blog/documentos-venda-imovel-litoral-checklist-2026.html,Checklist direto,–,BAIXO
Financiamento,blog/documentacao-financiamento-imovel-litoral-2026.html,Documentação financiamento,Ligação natural,Relacionado,MANTER,blog/documentacao-financiamento-imovel-litoral-2026.html,"Documentos por etapa, prazos",–,BAIXO
Financiamento,blog/documentos-necessarios-financiamento-imovel-2026.html,Documentos financiamento,Página específica,Relacionado,MANTER,blog/documentos-necessarios-financiamento-imovel-2026.html,Lista de documentos,–,BAIXO
Financiamento,blog/entrada-vs-financiamento-imovel-litoral-2026.html,Entrada vs financiamento,Intenção distinta,Relacionado,MANTER,blog/entrada-vs-financiamento-imovel-litoral-2026.html,"Comparativo, exemplos",–,BAIXO
Avaliação,blog/avaliacao-rapida-imovel.html,Avaliação rápida,Serviço claro,Relacionado,MANTER,blog/avaliacao-rapida-imovel.html,"Fluxo rápido, entrega",–,BAIXO
Avaliação,assets/servico-avaliacao-preco-imoveis-litoral.html,Serviço avaliação,Página de serviço,Ativo comercial,MANTER,assets/servico-avaliacao-preco-imoveis-litoral.html,"Serviço, CTA, diferencial",–,BAIXO
Avaliação,blog/ptam-ia-avaliacao-mercadologica-2026.html,PTAM/avaliação,Método específico,Gap parcial,EXPANDIR,blog/ptam-ia-avaliacao-mercadologica-2026.html,"Metodologia PTAM, aplicação litoral",–,MÉDIO
Estrangeiro,blog/compra-imovel-litoral-estrangeiro-guia-passo-a-passo.html,Compra estrangeiro,Guia específico,Canônica preferencial,MANTER,blog/compra-imovel-litoral-estrangeiro-guia-passo-a-passo.html,"Passo a passo, documentos, visto",–,BAIXO
Estrangeiro,blog/atendimento-compradores-estrangeiros-litoral-2026.html,Atendimento estrangeiro,Foco operacional,Relacionado,MANTER,blog/atendimento-compradores-estrangeiros-litoral-2026.html,"Roteiro corretor, documentos",–,BAIXO
Estrangeiro,blog/como-funciona-aluguel-temporada-litoral-para-estrangeiros-2026.html,Aluguel estrangeiro,Documento temporada,Relacionado,ATUALIZAR,blog/como-funciona-aluguel-temporada-litoral-para-estrangeiros-2026.html,"Requisitos, documentação",–,MÉDIO
Herança,blog/compra-imovel-heranca-inventario-litoral-2026.html,Herança inventário,Conteúdo específico,Relacionado,MANTER,blog/compra-imovel-heranca-inventario-litoral-2026.html,"Cuidados, documentação básica",–,BAIXO
Herança,blog/compra-imovel-herdado-litoral-cuidados-2026.html,Imóvel herdado,Cuidados específicos,Relacionado,MANTER,blog/compra-imovel-herdado-litoral-cuidados-2026.html,"Riscos, passos iniciais",–,BAIXO
Herança,blog/documentacao-imovel-heranca-litoral-passos-2026.html,Documentação herança,Passo a passo,Canônica preferencial,MANTER,blog/documentacao-imovel-heranca-litoral-passos-2026.html,"Fluxo, documentos, transferência",–,BAIXO
Herança,blog/documentacao-venda-imovel-herdado-litoral.html,Venda herança,Foco venda/herança,Relacionado,MANTER,blog/documentacao-venda-imovel-herdado-litoral.html,"Documentos venda, inventário",–,BAIXO
Locação/temporada,blog/documentacao-locacao-temporada-litoral-guia-2026.html,Documentação locação,Guia operacional,Canônica preferencial,MANTER,blog/documentacao-locacao-temporada-litoral-guia-2026.html,"Regras, documentos, contrato",–,MÉDIO
Locação/temporada,blog/documentacao-aluguel-temporada-litoral-checklist-2026.html,Checklist temporada,Checklist operacional,Relacionado,MANTER,blog/documentacao-aluguel-temporada-litoral-checklist-2026.html,"Checklist, vistoria, regras",–,BAIXO
Locação/temporada,blog/documentacao-alugar-temporada-litoral-2026-08-09.html,Documentação alugar,Conteúdo datado,Relacionado,ATUALIZAR,blog/documentacao-alugar-temporada-litoral-2026-08-09.html,"Conteúdo base se ainda válido",–,BAIXO
Locação/temporada,blog/documentacao-aluguel-temporada-litoral-contrato-registro-seguro-2026.html,Documentação temporada,Contrato/registro/seguro,Relacionado,MANTER,blog/documentacao-aluguel-temporada-litoral-contrato-registro-seguro-2026.html,"Contrato, registro, seguro",–,BAIXO
Ferramenta,assets/simulador-financiamento.html,Simulador financiamento,Ferramenta/ativo,Ativo comercial,MANTER,assets/simulador-financiamento.html,"Simulação, inputs, resultado",–,BAIXO
