file,title,description,city,type,status
apartamento-1-quartos-bertioga.html,Apartamento 1 quarto em Bertioga,Apartamento compacto com ótima localização em Bertioga. Ideal para quem busca praticidade no litoral.,,,existing
apartamento-1-quartos-guaruja.html,Apartamento 1 quarto em Guarujá,Apartamento compacto com ótima localização em Guarujá. Ideal para quem busca praticidade no litoral.,,,existing
apartamento-1-quartos-itanhaem.html,Apartamento 1 quarto em Itanhaém,Apartamento compacto com ótima localização em Itanhaém. Ideal para quem busca praticidade no litoral.,,,existing
apartamento-1-quartos-mongagua.html,Apartamento 1 quartos - Mongaguá,Apartamento compacto 1 quarto com piscina e lazer em Mongaguá.,,,existing
apartamento-1-quartos-peruibe.html,Apartamento 1 quarto em Peruíbe,Apartamento compacto com ótima localização em Peruíbe. Ideal para quem busca praticidade no litoral.,,,existing
apartamento-1-quartos-praia-grande.html,Apartamento 1 quarto em Praia Grande,Apartamento compacto com ótima localização em Praia Grande. Ideal para quem busca praticidade no litoral.,,,existing
apartamento-1-quartos-santos.html,Apartamento 1 quarto em Santos,Apartamento compacto com ótima localização em Santos. Ideal para quem busca praticidade no litoral.,,,existing
apartamento-1-quartos-sao-vicente.html,Apartamento 1 quarto em São Vicente,Apartamento compacto com ótima localização em São Vicente. Ideal para quem busca praticidade no litoral.,,,existing
apartamento-2-quartos-bertioga.html,Apartamento 2 quartos em Bertioga,"Apartamento 2 quartos em Bertioga, com espaço para família e lazer completo.",,,existing
apartamento-2-quartos-guaruja.html,Apartamento 2 quartos em Guarujá,"Apartamento 2 quartos em Guarujá, com espaço para família e lazer completo.",,,existing
apartamento-2-quartos-itanhaem.html,Apartamento 2 quartos em Itanhaém,"Apartamento 2 quartos em Itanhaém, com espaço para família e lazer completo.",,,existing
apartamento-2-quartos-mongagua.html,Apartamento 2 quartos em Mongaguá,"Apartamento 2 quartos em Mongaguá, com espaço para família e lazer completo.",,,existing
apartamento-2-quartos-peruibe.html,Apartamento 2 quartos em Peruíbe,"Apartamento 2 quartos em Peruíbe, com espaço para família e lazer completo.",,,existing
apartamento-2-quartos-praia-grande.html,Apartamento 2 quartos em Praia Grande,"Apartamento 2 quartos em Praia Grande, com espaço para família e lazer completo.",,,existing
apartamento-2-quartos-santos.html,Apartamento 2 quartos - Santos,Apartamento 2 quartos com lazer completo e vaga de garagem em Santos.,,,existing
apartamento-2-quartos-sao-vicente.html,Apartamento 2 quartos em São Vicente,"Apartamento 2 quartos em São Vicente, com espaço para família e lazer completo.",,,existing
apartamento-cobertura-sao-vicente.html,Cobertura duplex - São Vicente,Cobertura duplex com piscina privativa,,,existing
apartamento-duplex-santos.html,Apartamento duplex - Santos,Apartamento duplex com sacada gourmet e vista parcial em Santos.,,,existing
apartamento-frente-mar-guaruja.html,Apartamento frente mar - Guarujá,Apartamento frente mar com varanda gourmet e lazer completo no Guarujá.,,,existing
apartamento-garden-santos.html,Apartamento garden - Santos,Apartamento garden com quintal privativo,,,existing
apartamento-mobiliado-mongagua.html,Apartamento mobiliado - Mongaguá,Apartamento mobiliado para temporada,,,existing
apartamento-vista-mar-santos.html,Apartamento vista mar - Santos,"Apartamento com vista mar parcial, varanda gourmet e lazer completo no bairro mais valorizado de Santos.",,,existing
bertioga.html,Imóveis em Bertioga,"Lançamento, médio e alto padrão em Bertioga. Oferta completa com apartamento, casa, cobertura, terreno, chácara e studio.",,,existing
casa-condominio-bertioga.html,Casa em condomínio em Bertioga,"Casa em condomínio fechado em Bertioga, com segurança e área de lazer.",,,existing
casa-condominio-fechado-santos.html,Casa condomínio fechado - Santos,Casa em condomínio fechado com lazer completo,,,existing
casa-condominio-guaruja.html,Casa em condomínio em Guarujá,"Casa em condomínio fechado em Guarujá, com segurança e área de lazer.",,,existing
casa-condominio-itanhaem.html,Casa em condomínio em Itanhaém,"Casa em condomínio fechado em Itanhaém, com segurança e área de lazer.",,,existing
casa-condominio-mongagua.html,Casa em condomínio em Mongaguá,"Casa em condomínio fechado em Mongaguá, com segurança e área de lazer.",,,existing
casa-condominio-peruibe.html,Casa em condomínio em Peruíbe,"Casa em condomínio fechado em Peruíbe, com segurança e área de lazer.",,,existing
casa-condominio-praia-grande.html,Casa em condomínio em Praia Grande,"Casa em condomínio fechado em Praia Grande, com segurança e área de lazer.",,,existing
casa-condominio-santos.html,Casa em condomínio em Santos,"Casa em condomínio fechado em Santos, com segurança e área de lazer.",,,existing
casa-condominio-sao-vicente.html,Casa em condomínio em São Vicente,"Casa em condomínio fechado em São Vicente, com segurança e área de lazer.",,,existing
casa-ita-encontro-aguas.html,Casa encontro das águas - Itanhaém,Casa exclusiva no encontro das águas,,,existing
casa-terrea-bertioga.html,Casa térrea em Bertioga,"Casa térrea em Bertioga, ideal para famílias que buscam conforto e acessibilidade.",,,existing
casa-terrea-guaruja.html,Casa térrea em Guarujá,"Casa térrea em Guarujá, ideal para famílias que buscam conforto e acessibilidade.",,,existing
casa-terrea-itanhaem.html,Casa térrea em Itanhaém,"Casa térrea em Itanhaém, ideal para famílias que buscam conforto e acessibilidade.",,,existing
casa-terrea-mongagua.html,Casa térrea em Mongaguá,"Casa térrea em Mongaguá, ideal para famílias que buscam conforto e acessibilidade.",,,existing
casa-terrea-peruibe.html,Casa térrea em Peruíbe,"Casa térrea em Peruíbe, ideal para famílias que buscam conforto e acessibilidade.",,,existing
casa-terrea-praia-grande.html,Casa térrea em Praia Grande,"Casa térrea em Praia Grande, ideal para famílias que buscam conforto e acessibilidade.",,,existing
casa-terrea-santos.html,Casa térrea em Santos,"Casa térrea em Santos, ideal para famílias que buscam conforto e acessibilidade.",,,existing
casa-terrea-sao-vicente.html,Casa térrea em São Vicente,"Casa térrea em São Vicente, ideal para famílias que buscam conforto e acessibilidade.",,,existing
cobertura-bertioga.html,Cobertura em Bertioga,Cobertura em Bertioga com vista panorâmica e amplo espaço ao ar livre.,,,existing
cobertura-guaruja.html,Cobertura em Guarujá,Cobertura em Guarujá com vista panorâmica e amplo espaço ao ar livre.,,,existing
cobertura-itanhaem.html,Cobertura em Itanhaém,Cobertura em Itanhaém com vista panorâmica e amplo espaço ao ar livre.,,,existing
cobertura-mongagua.html,Cobertura em Mongaguá,Cobertura em Mongaguá com vista panorâmica e amplo espaço ao ar livre.,,,existing
cobertura-peruibe.html,Cobertura em Peruíbe,Cobertura em Peruíbe com vista panorâmica e amplo espaço ao ar livre.,,,existing
cobertura-praia-grande.html,Cobertura em Praia Grande,Cobertura em Praia Grande com vista panorâmica e amplo espaço ao ar livre.,,,existing
cobertura-santos.html,Cobertura em Santos,Cobertura em Santos com vista panorâmica e amplo espaço ao ar livre.,,,existing
cobertura-sao-vicente.html,Cobertura em São Vicente,Cobertura em São Vicente com vista panorâmica e amplo espaço ao ar livre.,,,existing
frente-mar-bertioga.html,Frente mar em Bertioga,Imóvel frente mar em Bertioga com vista privilegiada e acesso direto à praia.,,,existing
frente-mar-guaruja.html,Frente mar em Guarujá,Imóvel frente mar em Guarujá com vista privilegiada e acesso direto à praia.,,,existing
frente-mar-itanhaem.html,Frente mar em Itanhaém,Imóvel frente mar em Itanhaém com vista privilegiada e acesso direto à praia.,,,existing
frente-mar-mongagua.html,Frente mar em Mongaguá,Imóvel frente mar em Mongaguá com vista privilegiada e acesso direto à praia.,,,existing
frente-mar-peruibe.html,Frente mar em Peruíbe,Imóvel frente mar em Peruíbe com vista privilegiada e acesso direto à praia.,,,existing
frente-mar-praia-grande.html,Frente mar em Praia Grande,Imóvel frente mar em Praia Grande com vista privilegiada e acesso direto à praia.,,,existing
frente-mar-santos.html,Frente mar em Santos,Imóvel frente mar em Santos com vista privilegiada e acesso direto à praia.,,,existing
frente-mar-sao-vicente.html,Frente mar em São Vicente,Imóvel frente mar em São Vicente com vista privilegiada e acesso direto à praia.,,,existing
imovel-001-santos-gonzaga-2026.html,Apartamento Gonzaga Santos - Praia Digital,"Apartamento em Gonzaga, Santos. Venda. 60m². 2 quartos.",,,existing
imovel-002-santos-gonzaga-2026.html,Apartamento Gonzaga Santos - Praia Digital,"Apartamento em Gonzaga, Santos. Aluguel Temporada. 80m². 3 quartos.",,,existing
imovel-003-santos-gonzaga-2026.html,Apartamento Gonzaga Santos - Praia Digital,"Apartamento em Gonzaga, Santos. Aluguel Fixo. 100m². 1 quartos.",,,existing
imovel-004-santos-gonzaga-2026.html,Casa Gonzaga Santos - Praia Digital,"Casa em Gonzaga, Santos. Venda. 120m². 2 quartos.",,,existing
imovel-005-santos-gonzaga-2026.html,Casa Gonzaga Santos - Praia Digital,"Casa em Gonzaga, Santos. Aluguel Temporada. 140m². 3 quartos.",,,existing
imovel-006-santos-gonzaga-2026.html,Casa Gonzaga Santos - Praia Digital,"Casa em Gonzaga, Santos. Aluguel Fixo. 40m². 1 quartos.",,,existing
imovel-007-santos-gonzaga-2026.html,Cobertura Gonzaga Santos - Praia Digital,"Cobertura em Gonzaga, Santos. Venda. 60m². 2 quartos.",,,existing
imovel-008-santos-gonzaga-2026.html,Cobertura Gonzaga Santos - Praia Digital,"Cobertura em Gonzaga, Santos. Aluguel Temporada. 80m². 3 quartos.",,,existing
imovel-009-santos-gonzaga-2026.html,Cobertura Gonzaga Santos - Praia Digital,"Cobertura em Gonzaga, Santos. Aluguel Fixo. 100m². 1 quartos.",,,existing
imovel-010-santos-gonzaga-2026.html,Studio Gonzaga Santos - Praia Digital,"Studio em Gonzaga, Santos. Venda. 120m². 2 quartos.",,,existing
imovel-011-santos-gonzaga-2026.html,Studio Gonzaga Santos - Praia Digital,"Studio em Gonzaga, Santos. Aluguel Temporada. 140m². 3 quartos.",,,existing
imovel-012-santos-gonzaga-2026.html,Studio Gonzaga Santos - Praia Digital,"Studio em Gonzaga, Santos. Aluguel Fixo. 40m². 1 quartos.",,,existing
imovel-013-santos-gonzaga-2026.html,Flat Gonzaga Santos - Praia Digital,"Flat em Gonzaga, Santos. Venda. 60m². 2 quartos.",,,existing
imovel-014-santos-gonzaga-2026.html,Flat Gonzaga Santos - Praia Digital,"Flat em Gonzaga, Santos. Aluguel Temporada. 80m². 3 quartos.",,,existing
imovel-015-santos-gonzaga-2026.html,Flat Gonzaga Santos - Praia Digital,"Flat em Gonzaga, Santos. Aluguel Fixo. 100m². 1 quartos.",,,existing
imovel-016-santos-boqueirão-2026.html,Apartamento Boqueirão Santos - Praia Digital,"Apartamento em Boqueirão, Santos. Venda. 120m². 2 quartos.",,,existing
imovel-017-santos-boqueirão-2026.html,Apartamento Boqueirão Santos - Praia Digital,"Apartamento em Boqueirão, Santos. Aluguel Temporada. 140m². 3 quartos.",,,existing
imovel-018-santos-boqueirão-2026.html,Apartamento Boqueirão Santos - Praia Digital,"Apartamento em Boqueirão, Santos. Aluguel Fixo. 40m². 1 quartos.",,,existing
imovel-019-santos-boqueirão-2026.html,Casa Boqueirão Santos - Praia Digital,"Casa em Boqueirão, Santos. Venda. 60m². 2 quartos.",,,existing
imovel-020-santos-boqueirão-2026.html,Casa Boqueirão Santos - Praia Digital,"Casa em Boqueirão, Santos. Aluguel Temporada. 80m². 3 quartos.",,,existing
imovel-021-santos-boqueirão-2026.html,Casa Boqueirão Santos - Praia Digital,"Casa em Boqueirão, Santos. Aluguel Fixo. 100m². 1 quartos.",,,existing
imovel-022-santos-boqueirão-2026.html,Cobertura Boqueirão Santos - Praia Digital,"Cobertura em Boqueirão, Santos. Venda. 120m². 2 quartos.",,,existing
imovel-023-santos-boqueirão-2026.html,Cobertura Boqueirão Santos - Praia Digital,"Cobertura em Boqueirão, Santos. Aluguel Temporada. 140m². 3 quartos.",,,existing
imovel-024-santos-boqueirão-2026.html,Cobertura Boqueirão Santos - Praia Digital,"Cobertura em Boqueirão, Santos. Aluguel Fixo. 40m². 1 quartos.",,,existing
imovel-025-santos-boqueirão-2026.html,Studio Boqueirão Santos - Praia Digital,"Studio em Boqueirão, Santos. Venda. 60m². 2 quartos.",,,existing
imovel-0250.html,Apartamento Vista Mar em Praia Grande,"Apartamento com vista mar em Praia Grande. 3 quartos, 2 banheiros, 98 m² e lazer completo.",,,existing
imovel-0251.html,Casa com Piscina em Caraguatatuba,"Casa para temporada em Caraguatatuba, 4 quartos, piscina e space gourmet.",,,existing
imovel-0252.html,Cobertura Duplex em Ilhabela,Cobertura duplex premium em Ilhabela com vista panorâmica e acabamento alto padrão.,,,existing
imovel-0253.html,Studio para Temporada em Ubatuba,"Studio compacto em Ubatuba, a poucos passos da praia, ideal para temporada e locação sazonal.",,,existing
imovel-0254.html,Sobrado Geminado em São Sebastião,Sobrado geminado em São Sebastião com espaço de serviço independente e fácil acesso.,,,existing
imovel-0255.html,Apartamento Beira-Mar em Bertioga,"Apartamento frontal beira-mar em Bertioga, vista direta para o mar e lazer completo.",,,existing
imovel-0256.html,Casa em Condomínio em Maresias,Casa em condomínio fechado em Maresias com segurança 24h e lazer completo.,,,existing
imovel-0257.html,Loft Moderno em Guarujá,"Loft moderno no Guarujá com design contemporâneo, ideal para temporada ou朝气",,,existing
imovel-0258.html,Casa Rural em Iguape,Casa rural em Iguape com área verde preservada e tranquilidade para temporada.,,,existing
imovel-0259.html,Apartamento com Sacada Gourmet em Cananéia,"Apartamento com sacada gourmet em Cananéia, ideal para temporada e momentos especiais.",,,existing
imovel-026-santos-boqueirão-2026.html,Studio Boqueirão Santos - Praia Digital,"Studio em Boqueirão, Santos. Aluguel Temporada. 80m². 3 quartos.",,,existing
imovel-027-santos-boqueirão-2026.html,Studio Boqueirão Santos - Praia Digital,"Studio em Boqueirão, Santos. Aluguel Fixo. 100m². 1 quartos.",,,existing
imovel-028-santos-boqueirão-2026.html,Flat Boqueirão Santos - Praia Digital,"Flat em Boqueirão, Santos. Venda. 120m². 2 quartos.",,,existing
imovel-0288.html,Apartamento com Sacada Gourmet em Cananéia,"Apartamento com sacada gourmet em Cananéia, ideal para temporada e momentos especiais.",,,existing
imovel-0289.html,Sobrado Geminado em São Sebastião,Sobrado geminado em São Sebastião com espaço de serviço independente e fácil acesso.,,,existing
imovel-029-santos-boqueirão-2026.html,Flat Boqueirão Santos - Praia Digital,"Flat em Boqueirão, Santos. Aluguel Temporada. 140m². 3 quartos.",,,existing
imovel-0290.html,Casa em Condomínio em Maresias,Casa em condomínio fechado em Maresias com segurança 24h e lazer completo.,,,existing
imovel-0291.html,Loft Moderno em Guarujá,"Loft moderno no Guarujá com design contemporâneo, ideal para temporada ou朝气",,,existing
imovel-030-santos-boqueirão-2026.html,Flat Boqueirão Santos - Praia Digital,"Flat em Boqueirão, Santos. Aluguel Fixo. 40m². 1 quartos.",,,existing
imovel-031-santos-embaré-2026.html,Apartamento Embaré Santos - Praia Digital,"Apartamento em Embaré, Santos. Venda. 60m². 2 quartos.",,,existing
imovel-032-santos-embaré-2026.html,Apartamento Embaré Santos - Praia Digital,"Apartamento em Embaré, Santos. Aluguel Temporada. 80m². 3 quartos.",,,existing
imovel-033-santos-embaré-2026.html,Apartamento Embaré Santos - Praia Digital,"Apartamento em Embaré, Santos. Aluguel Fixo. 100m². 1 quartos.",,,existing
imovel-034-santos-embaré-2026.html,Casa Embaré Santos - Praia Digital,"Casa em Embaré, Santos. Venda. 120m². 2 quartos.",,,existing
imovel-035-santos-embaré-2026.html,Casa Embaré Santos - Praia Digital,"Casa em Embaré, Santos. Aluguel Temporada. 140m². 3 quartos.",,,existing
imovel-036-santos-embaré-2026.html,Casa Embaré Santos - Praia Digital,"Casa em Embaré, Santos. Aluguel Fixo. 40m². 1 quartos.",,,existing
imovel-037-santos-embaré-2026.html,Cobertura Embaré Santos - Praia Digital,"Cobertura em Embaré, Santos. Venda. 60m². 2 quartos.",,,existing
imovel-038-santos-embaré-2026.html,Cobertura Embaré Santos - Praia Digital,"Cobertura em Embaré, Santos. Aluguel Temporada. 80m². 3 quartos.",,,existing
imovel-039-santos-embaré-2026.html,Cobertura Embaré Santos - Praia Digital,"Cobertura em Embaré, Santos. Aluguel Fixo. 100m². 1 quartos.",,,existing
imovel-040-santos-embaré-2026.html,Studio Embaré Santos - Praia Digital,"Studio em Embaré, Santos. Venda. 120m². 2 quartos.",,,existing
imovel-041-santos-embaré-2026.html,Studio Embaré Santos - Praia Digital,"Studio em Embaré, Santos. Aluguel Temporada. 140m². 3 quartos.",,,existing
imovel-042-santos-embaré-2026.html,Studio Embaré Santos - Praia Digital,"Studio em Embaré, Santos. Aluguel Fixo. 40m². 1 quartos.",,,existing
imovel-043-santos-embaré-2026.html,Flat Embaré Santos - Praia Digital,"Flat em Embaré, Santos. Venda. 60m². 2 quartos.",,,existing
imovel-044-santos-embaré-2026.html,Flat Embaré Santos - Praia Digital,"Flat em Embaré, Santos. Aluguel Temporada. 80m². 3 quartos.",,,existing
imovel-045-santos-embaré-2026.html,Flat Embaré Santos - Praia Digital,"Flat em Embaré, Santos. Aluguel Fixo. 100m². 1 quartos.",,,existing
imovel-046-santos-josé-menino-2026.html,Apartamento José Menino Santos - Praia Digital,"Apartamento em José Menino, Santos. Venda. 120m². 2 quartos.",,,existing
imovel-047-santos-josé-menino-2026.html,Apartamento José Menino Santos - Praia Digital,"Apartamento em José Menino, Santos. Aluguel Temporada. 140m². 3 quartos.",,,existing
imovel-048-santos-josé-menino-2026.html,Apartamento José Menino Santos - Praia Digital,"Apartamento em José Menino, Santos. Aluguel Fixo. 40m². 1 quartos.",,,existing
imovel-049-santos-josé-menino-2026.html,Casa José Menino Santos - Praia Digital,"Casa em José Menino, Santos. Venda. 60m². 2 quartos.",,,existing
imovel-050-santos-josé-menino-2026.html,Casa José Menino Santos - Praia Digital,"Casa em José Menino, Santos. Aluguel Temporada. 80m². 3 quartos.",,,existing
imovel-1000.html,"Casa-Condo em Gonzaguinha, São Vicente - lareira","Casa-Condo em Gonzaguinha, São Vicente: 106m2, 3 dorm, 1 vaga(s). Destaques: lareira,aquecimento solar,closet,vista mar. Contato: Amanda Alves.",,,existing
imovel-1001.html,"Casa em Bertioga, Bertioga","Casa em Bertioga, Bertioga: 55m², 1 dorm,  vaga(s). Destaque no litoral paulista. Contato: Praia Digital.",,,existing
imovel-1002.html,"Cobertura em Guarujá, Guarujá","Cobertura em Guarujá, Guarujá: 240m², 1 dorm,  vaga(s). Destaque no litoral paulista. Contato: Praia Digital.",,,existing
imovel-1003.html,"Apartamento em Ilhabela, Ilhabela","Apartamento em Ilhabela, Ilhabela: 160m², 4 dorm,  vaga(s). Destaque no litoral paulista. Contato: Praia Digital.",,,existing
imovel-1004.html,"Casa em Guarujá, Guarujá","Casa em Guarujá, Guarujá: 160m², 5 dorm,  vaga(s). Destaque no litoral paulista. Contato: Praia Digital.",,,existing
imovel-1005.html,"Studio em Santos, Santos","Studio em Santos, Santos: 280m², 2 dorm,  vaga(s). Destaque no litoral paulista. Contato: Praia Digital.",,,existing
imovel-1006.html,"Studio em Santos, Santos","Studio em Santos, Santos: 35m², 4 dorm,  vaga(s). Destaque no litoral paulista. Contato: Praia Digital.",,,existing
imovel-1007.html,"Apartamento em Ilhabela, Ilhabela","Apartamento em Ilhabela, Ilhabela: 110m², 2 dorm,  vaga(s). Destaque no litoral paulista. Contato: Praia Digital.",,,existing
imovel-1008.html,"Casa em Peruíbe, Peruíbe","Casa em Peruíbe, Peruíbe: 280m², 1 dorm,  vaga(s). Destaque no litoral paulista. Contato: Praia Digital.",,,existing
imovel-1009.html,"Studio em Praia Grande, Praia Grande","Studio em Praia Grande, Praia Grande: 280m², 1 dorm,  vaga(s). Destaque no litoral paulista. Contato: Praia Digital.",,,existing
imovel-1010.html,"Cobertura em Ilhabela, Ilhabela","Cobertura em Ilhabela, Ilhabela: 55m², 5 dorm,  vaga(s). Destaque no litoral paulista. Contato: Praia Digital.",,,existing
imovel-1011.html,"Studio em Santos, Santos","Studio em Santos, Santos: 240m², 4 dorm,  vaga(s). Destaque no litoral paulista. Contato: Praia Digital.",,,existing
imovel-1012.html,"Cobertura em Peruíbe, Peruíbe","Cobertura em Peruíbe, Peruíbe: 200m², 5 dorm,  vaga(s). Destaque no litoral paulista. Contato: Praia Digital.",,,existing
imovel-1013.html,"Cobertura em Bertioga, Bertioga","Cobertura em Bertioga, Bertioga: 90m², 2 dorm,  vaga(s). Destaque no litoral paulista. Contato: Praia Digital.",,,existing
imovel-1014.html,"Studio em Guarujá, Guarujá","Studio em Guarujá, Guarujá: 200m², 5 dorm,  vaga(s). Destaque no litoral paulista. Contato: Praia Digital.",,,existing
imovel-1015.html,"Loft em Bertioga, Bertioga","Loft em Bertioga, Bertioga: 280m², 3 dorm,  vaga(s). Destaque no litoral paulista. Contato: Praia Digital.",,,existing
imovel-1016.html,"Apartamento em Guarujá, Guarujá","Apartamento em Guarujá, Guarujá: 75m², 4 dorm,  vaga(s). Destaque no litoral paulista. Contato: Praia Digital.",,,existing
imovel-1017.html,"Casa em Bertioga, Bertioga","Casa em Bertioga, Bertioga: 35m², 4 dorm,  vaga(s). Destaque no litoral paulista. Contato: Praia Digital.",,,existing
imovel-1018.html,"Studio em Guarujá, Guarujá","Studio em Guarujá, Guarujá: 130m², 3 dorm,  vaga(s). Destaque no litoral paulista. Contato: Praia Digital.",,,existing
imovel-1019.html,"Studio em Bertioga, Bertioga","Studio em Bertioga, Bertioga: 200m², 5 dorm,  vaga(s). Destaque no litoral paulista. Contato: Praia Digital.",,,existing
imovel-1020.html,"Apartamento em Guarujá, Guarujá","Apartamento em Guarujá, Guarujá: 55m², 4 dorm,  vaga(s). Destaque no litoral paulista. Contato: Praia Digital.",,,existing
imovel-1021.html,"Loft em Santos, Santos","Loft em Santos, Santos: 200m², 5 dorm,  vaga(s). Destaque no litoral paulista. Contato: Praia Digital.",,,existing
imovel-1022.html,"Loft em Praia Grande, Praia Grande","Loft em Praia Grande, Praia Grande: 35m², 3 dorm,  vaga(s). Destaque no litoral paulista. Contato: Praia Digital.",,,existing
imovel-1023.html,"Cobertura em Itanhaém, Itanhaém","Cobertura em Itanhaém, Itanhaém: 55m², 5 dorm,  vaga(s). Destaque no litoral paulista. Contato: Praia Digital.",,,existing
imovel-1024.html,"Apartamento em Itanhaém, Itanhaém","Apartamento em Itanhaém, Itanhaém: 75m², 3 dorm,  vaga(s). Destaque no litoral paulista. Contato: Praia Digital.",,,existing
imovel-1025.html,"Flat em Ilhabela, Ilhabela","Flat em Ilhabela, Ilhabela: 55m², 4 dorm,  vaga(s). Destaque no litoral paulista. Contato: Praia Digital.",,,existing
imovel-1026.html,"Flat em Ubatuba, Ubatuba","Flat em Ubatuba, Ubatuba: 110m², 5 dorm,  vaga(s). Destaque no litoral paulista. Contato: Praia Digital.",,,existing
imovel-1027.html,"Flat em Ubatuba, Ubatuba","Flat em Ubatuba, Ubatuba: 160m², 3 dorm,  vaga(s). Destaque no litoral paulista. Contato: Praia Digital.",,,existing
imovel-1028.html,"Loft em Bertioga, Bertioga","Loft em Bertioga, Bertioga: 75m², 2 dorm,  vaga(s). Destaque no litoral paulista. Contato: Praia Digital.",,,existing
imovel-1029.html,"Casa em Guarujá, Guarujá","Casa em Guarujá, Guarujá: 90m², 2 dorm,  vaga(s). Destaque no litoral paulista. Contato: Praia Digital.",,,existing
imovel-1030.html,"Flat em Santos, Santos","Flat em Santos, Santos: 110m², 2 dorm,  vaga(s). Destaque no litoral paulista. Contato: Praia Digital.",,,existing
imovel-1031.html,"Apartamento em Praia Grande, Praia Grande","Apartamento em Praia Grande, Praia Grande: 240m², 4 dorm,  vaga(s). Destaque no litoral paulista. Contato: Praia Digital.",,,existing
imovel-1032.html,"Studio em Bertioga, Bertioga","Studio em Bertioga, Bertioga: 75m², 3 dorm,  vaga(s). Destaque no litoral paulista. Contato: Praia Digital.",,,existing
imovel-1033.html,"Flat em Santos, Santos","Flat em Santos, Santos: 160m², 4 dorm,  vaga(s). Destaque no litoral paulista. Contato: Praia Digital.",,,existing
imovel-1034.html,"Flat em Peruíbe, Peruíbe","Flat em Peruíbe, Peruíbe: 160m², 4 dorm,  vaga(s). Destaque no litoral paulista. Contato: Praia Digital.",,,existing
imovel-1035.html,"Casa em Santos, Santos","Casa em Santos, Santos: 200m², 2 dorm,  vaga(s). Destaque no litoral paulista. Contato: Praia Digital.",,,existing
imovel-1036.html,"Apartamento em Ubatuba, Ubatuba","Apartamento em Ubatuba, Ubatuba: 35m², 5 dorm,  vaga(s). Destaque no litoral paulista. Contato: Praia Digital.",,,existing
imovel-1037.html,"Apartamento em Guarujá, Guarujá","Apartamento em Guarujá, Guarujá: 240m², 2 dorm,  vaga(s). Destaque no litoral paulista. Contato: Praia Digital.",,,existing
imovel-1038.html,"Cobertura em Guarujá, Guarujá","Cobertura em Guarujá, Guarujá: 55m², 1 dorm,  vaga(s). Destaque no litoral paulista. Contato: Praia Digital.",,,existing
imovel-1039.html,"Studio em Ilhabela, Ilhabela","Studio em Ilhabela, Ilhabela: 110m², 2 dorm,  vaga(s). Destaque no litoral paulista. Contato: Praia Digital.",,,existing
imovel-1040.html,"Studio em Bertioga, Bertioga","Studio em Bertioga, Bertioga: 55m², 4 dorm,  vaga(s). Destaque no litoral paulista. Contato: Praia Digital.",,,existing
imovel-1041.html,"Flat em Guarujá, Guarujá","Flat em Guarujá, Guarujá: 200m², 4 dorm,  vaga(s). Destaque no litoral paulista. Contato: Praia Digital.",,,existing
imovel-1042.html,"Apartamento em Praia Grande, Praia Grande","Apartamento em Praia Grande, Praia Grande: 130m², 1 dorm,  vaga(s). Destaque no litoral paulista. Contato: Praia Digital.",,,existing
imovel-1043.html,"Flat em Praia Grande, Praia Grande","Flat em Praia Grande, Praia Grande: 35m², 5 dorm,  vaga(s). Destaque no litoral paulista. Contato: Praia Digital.",,,existing
imovel-1044.html,"Studio em Ilhabela, Ilhabela","Studio em Ilhabela, Ilhabela: 240m², 2 dorm,  vaga(s). Destaque no litoral paulista. Contato: Praia Digital.",,,existing
imovel-1045.html,"Studio em Santos, Santos","Studio em Santos, Santos: 110m², 1 dorm,  vaga(s). Destaque no litoral paulista. Contato: Praia Digital.",,,existing
imovel-1046.html,"Casa em Bertioga, Bertioga","Casa em Bertioga, Bertioga: 240m², 2 dorm,  vaga(s). Destaque no litoral paulista. Contato: Praia Digital.",,,existing
imovel-1047.html,"Loft em Bertioga, Bertioga","Loft em Bertioga, Bertioga: 90m², 5 dorm,  vaga(s). Destaque no litoral paulista. Contato: Praia Digital.",,,existing
imovel-1048.html,"Flat em Ilhabela, Ilhabela","Flat em Ilhabela, Ilhabela: 240m², 2 dorm,  vaga(s). Destaque no litoral paulista. Contato: Praia Digital.",,,existing
imovel-1049.html,"Cobertura em Itanhaém, Itanhaém","Cobertura em Itanhaém, Itanhaém: 110m², 1 dorm,  vaga(s). Destaque no litoral paulista. Contato: Praia Digital.",,,existing
imovel-1050.html,"Cobertura em Itanhaém, Itanhaém","Cobertura em Itanhaém, Itanhaém: 130m², 5 dorm,  vaga(s). Destaque no litoral paulista. Contato: Praia Digital.",,,existing
imovel-1051.html,"Loft em Itanhaém, Itanhaém","Loft em Itanhaém, Itanhaém: 55m², 3 dorm,  vaga(s). Destaque no litoral paulista. Contato: Praia Digital.",,,existing
imovel-1052.html,"Apartamento em Ilhabela, Ilhabela","Apartamento em Ilhabela, Ilhabela: 90m², 4 dorm,  vaga(s). Destaque no litoral paulista. Contato: Praia Digital.",,,existing
imovel-1053.html,"Casa em Bertioga, Bertioga","Casa em Bertioga, Bertioga: 280m², 5 dorm,  vaga(s). Destaque no litoral paulista. Contato: Praia Digital.",,,existing
imovel-1054.html,"Flat em Santos, Santos","Flat em Santos, Santos: 55m², 1 dorm,  vaga(s). Destaque no litoral paulista. Contato: Praia Digital.",,,existing
imovel-1055.html,"Loft em Peruíbe, Peruíbe","Loft em Peruíbe, Peruíbe: 75m², 4 dorm,  vaga(s). Destaque no litoral paulista. Contato: Praia Digital.",,,existing
imovel-1056.html,"Loft em Peruíbe, Peruíbe","Loft em Peruíbe, Peruíbe: 160m², 1 dorm,  vaga(s). Destaque no litoral paulista. Contato: Praia Digital.",,,existing
imovel-1057.html,"Flat em Itanhaém, Itanhaém","Flat em Itanhaém, Itanhaém: 75m², 2 dorm,  vaga(s). Destaque no litoral paulista. Contato: Praia Digital.",,,existing
imovel-1058.html,"Apartamento em Ubatuba, Ubatuba","Apartamento em Ubatuba, Ubatuba: 200m², 5 dorm,  vaga(s). Destaque no litoral paulista. Contato: Praia Digital.",,,existing
imovel-1059.html,"Studio em Ubatuba, Ubatuba","Studio em Ubatuba, Ubatuba: 130m², 4 dorm,  vaga(s). Destaque no litoral paulista. Contato: Praia Digital.",,,existing
imovel-1060.html,"Studio em Ubatuba, Ubatuba","Studio em Ubatuba, Ubatuba: 35m², 2 dorm,  vaga(s). Destaque no litoral paulista. Contato: Praia Digital.",,,existing
imovel-1061.html,"Studio em Embaré, Santos — aquecimento solar","Studio em Embaré, Santos: 174m², 3 dorm, 2 vaga(s). Destaques: aquecimento solar,elevador. Contato: Bianca Alves.",,,existing
imovel-1062.html,"Casa em Suarão, Itanhaém — lavabo","Casa em Suarão, Itanhaém: 149m², 2 dorm, 3 vaga(s). Destaques: lavabo,playground,suite,piscina. Contato: Carlos Gomes.",,,existing
imovel-1063.html,"Apartamento em Vila Mirim, Mongaguá - vagas de garagem","Apartamento em Vila Mirim, Mongaguá: 44m2, 2 dorm, 1 vaga(s). Destaques: vagas de garagem,quintal gourmet,área de serviço. Contato: Luciana Teixeira.",,,existing
imovel-1064.html,"Lote em Vila São José, Peruíbe - vagas de garagem","Lote em Vila São José, Peruíbe: 134m2, 1 dorm, 2 vaga(s). Destaques: vagas de garagem,vista mar,playground. Contato: Carlos Barros.",,,existing
imovel-1065.html,"Lote em Vila Rica, Itanhaém - closet","Lote em Vila Rica, Itanhaém: 198m2, 5 dorm, 1 vaga(s). Destaques: closet,vista mar,churrasqueira. Contato: Ricardo Cardoso.",,,existing
imovel-1066.html,"Casa-Condo em Riviera, Bertioga - vagas de garagem","Casa-Condo em Riviera, Bertioga: 81m2, 2 dorm, 1 vaga(s). Destaques: vagas de garagem,salão de festas,lavabo,depósito. Contato: Bruno Barros.",,,existing
imovel-1067.html,"Casa-Condo em Suarão, Itanhaém - gerador","Casa-Condo em Suarão, Itanhaém: 125m2, 1 dorm, 3 vaga(s). Destaques: gerador. Contato: Rafael Ribeiro.",,,existing
imovel-1068.html,"Studio em Costão, Peruíbe - piscina","Studio em Costão, Peruíbe: 182m2, 5 dorm, 2 vaga(s). Destaques: piscina. Contato: Felipe Moura.",,,existing
imovel-1069.html,"Lote em Balneário, Praia Grande - vista mar","Lote em Balneário, Praia Grande: 234m2, 1 dorm, 3 vaga(s). Destaques: vista mar,salão de festas,lareira,aquecimento solar. Contato: Paulo Lima.",,,existing
imovel-1070.html,"Casa em Aparecida, Santos — depósito","Casa em Aparecida, Santos: 42m², 2 dorm, 1 vaga(s). Destaques: depósito,vagas de garagem,academia. Contato: Luciana Silva.",,,existing
imovel-1071.html,"Comercial em Canejan, Itanhaém - academia","Comercial em Canejan, Itanhaém: 78m2, 2 dorm, 2 vaga(s). Destaques: academia,churrasqueira,elevador,playground. Contato: Patrícia Araújo.",,,existing
imovel-1072.html,"Apartamento em Suarão, Itanhaém - academia","Apartamento em Suarão, Itanhaém: 194m2, 1 dorm, 3 vaga(s). Destaques: academia,condomínio fechado. Contato: Thiago Gomes.",,,existing
imovel-1073.html,"Studio em Caierara, Praia Grande - elevador","Studio em Caierara, Praia Grande: 106m2, 5 dorm, 3 vaga(s). Destaques: elevador,piscina,área de serviço. Contato: João Vieira.",,,existing
imovel-1074.html,"Studio em Condomínio, Bertioga - suite","Studio em Condomínio, Bertioga: 75m2, 5 dorm, 2 vaga(s). Destaques: suite,condomínio fechado,salão de festas,aquecimento solar. Contato: Luciana Nunes.",,,existing
imovel-1075.html,"Casa em Boqueirão, Praia Grande - depósito","Casa em Boqueirão, Praia Grande: 252m2, 1 dorm, 2 vaga(s). Destaques: depósito,aquecimento solar,closet,elevador. Contato: Larissa Barros.",,,existing
imovel-1076.html,"Casa-Condo em Balneário, Praia Grande - painel solar","Casa-Condo em Balneário, Praia Grande: 59m2, 4 dorm, 1 vaga(s). Destaques: painel solar,condomínio fechado,elevador,playground. Contato: Patrícia Pereira.",,,existing
imovel-1077.html,"Studio em Parque Bitaru, São Vicente - gerador","Studio em Parque Bitaru, São Vicente: 118m2, 3 dorm, 3 vaga(s). Destaques: gerador,condomínio fechado. Contato: Camila Lopes.",,,existing
imovel-1078.html,"Studio em Bueno, Guarujá - quintal gourmet","Studio em Bueno, Guarujá: 271m2, 3 dorm, 2 vaga(s). Destaques: quintal gourmet,gerador,churrasqueira. Contato: Ricardo Lopes.",,,existing
imovel-1079.html,"Cobertura em Santa Eugênia, Mongaguá - gerador","Cobertura em Santa Eugênia, Mongaguá: 153m2, 3 dorm, 4 vaga(s). Destaques: gerador,playground,closet. Contato: Maria Araújo.",,,existing
imovel-1080.html,"Comercial em Ponta da Praia, Santos - depósito","Comercial em Ponta da Praia, Santos: 223m2, 5 dorm, 2 vaga(s). Destaques: depósito,suite. Contato: Ana Gomes.",,,existing
imovel-1081.html,"Studio em Jardim Sapê, Itanhaém - aquecimento solar","Studio em Jardim Sapê, Itanhaém: 139m2, 5 dorm, 2 vaga(s). Destaques: aquecimento solar,sacada. Contato: Bianca Ribeiro.",,,existing
imovel-1082.html,"Lote em Vila Atlântica, Mongaguá — elevador","Lote em Vila Atlântica, Mongaguá: 253m², 5 dorm, 4 vaga(s). Destaques: elevador,suite. Contato: Juliana Ribeiro.",,,existing
imovel-1083.html,"Cobertura em Jardim Praia Grande, Bertioga - vista mar","Cobertura em Jardim Praia Grande, Bertioga: 78m2, 2 dorm, 2 vaga(s). Destaques: vista mar,gerador. Contato: Juliana Cardoso.",,,existing
imovel-1084.html,"Lote em SãoJosé, São Vicente - elevador","Lote em SãoJosé, São Vicente: 71m2, 1 dorm, 3 vaga(s). Destaques: elevador,sacada,piscina. Contato: Rafael Cardoso.",,,existing
imovel-1085.html,"Apartamento em Ponta de Pedras, São Vicente - salão de festas","Apartamento em Ponta de Pedras, São Vicente: 47m2, 4 dorm, 2 vaga(s). Destaques: salão de festas,painel solar,depósito. Contato: Juliana Vieira.",,,existing
imovel-1086.html,"Apartamento em Vicente de Carvalho, Guarujá - closet","Apartamento em Vicente de Carvalho, Guarujá: 133m2, 5 dorm, 1 vaga(s). Destaques: closet. Contato: Larissa Lima.",,,existing
imovel-1087.html,"Lote em Jardim Sapê, Itanhaém - aquecimento solar","Lote em Jardim Sapê, Itanhaém: 244m2, 3 dorm, 4 vaga(s). Destaques: aquecimento solar,depósito,área de serviço. Contato: Paulo Ferreira.",,,existing
imovel-1088.html,"Studio em Riviera, Bertioga - aquecimento solar","Studio em Riviera, Bertioga: 191m2, 1 dorm, 3 vaga(s). Destaques: aquecimento solar,piscina,lavabo. Contato: Rafael Moreira.",,,existing
imovel-1089.html,"Cobertura em Embaré, Santos - closet","Cobertura em Embaré, Santos: 89m2, 4 dorm, 1 vaga(s). Destaques: closet,aquecimento solar. Contato: Paulo Vieira.",,,existing
imovel-1090.html,"Apartamento em Santo Amaro, Guarujá - suite","Apartamento em Santo Amaro, Guarujá: 65m2, 3 dorm, 3 vaga(s). Destaques: suite. Contato: Patrícia Souza.",,,existing
imovel-1091.html,"Casa em Gonzaguinha, São Vicente - vagas de garagem","Casa em Gonzaguinha, São Vicente: 210m2, 4 dorm, 4 vaga(s). Destaques: vagas de garagem,sacada,lareira,playground. Contato: Ana Gomes.",,,existing
imovel-1092.html,"Casa-Condo em Jardim Praia Grande, Bertioga - condomínio fechado","Casa-Condo em Jardim Praia Grande, Bertioga: 164m2, 2 dorm, 1 vaga(s). Destaques: condomínio fechado,churrasqueira,academia. Contato: Juliana Ferreira.",,,existing
imovel-1093.html,"Casa-Condo em Jardim América, Praia Grande — lavabo","Casa-Condo em Jardim América, Praia Grande: 249m², 3 dorm, 1 vaga(s). Destaques: lavabo,quintal gourmet,playground,churrasqueira. Contato: Maria Gomes.",,,existing
imovel-1094.html,"Comercial em  Vila Nova, Santos - lareira","Comercial em  Vila Nova, Santos: 107m2, 4 dorm, 1 vaga(s). Destaques: lareira,quintal gourmet,piscina,sacada. Contato: Felipe Mendes.",,,existing
imovel-1095.html,"Cobertura em Balneário, Praia Grande - playground","Cobertura em Balneário, Praia Grande: 164m2, 2 dorm, 1 vaga(s). Destaques: playground,vista mar. Contato: Camila Mendes.",,,existing
imovel-1096.html,"Casa-Condo em Ponta da Praia, Santos - depósito","Casa-Condo em Ponta da Praia, Santos: 59m2, 3 dorm, 3 vaga(s). Destaques: depósito. Contato: Juliana Silva.",,,existing
imovel-1097.html,"Lote em Pernambuco, Guarujá - sacada","Lote em Pernambuco, Guarujá: 51m2, 1 dorm, 4 vaga(s). Destaques: sacada,área de serviço. Contato: Fernanda Silva.",,,existing
imovel-1098.html,"Cobertura em  Vila Nova, Santos - playground","Cobertura em  Vila Nova, Santos: 58m2, 2 dorm, 1 vaga(s). Destaques: playground,depósito. Contato: Fernanda Lima.",,,existing
imovel-1099.html,"Cobertura em Bueno, Guarujá - churrasqueira","Cobertura em Bueno, Guarujá: 193m2, 4 dorm, 4 vaga(s). Destaques: churrasqueira,closet. Contato: Juliana Costa.",,,existing
imovel-1100.html,"Cobertura em Centro, São Vicente - piscina","Cobertura em Centro, São Vicente: 266m2, 1 dorm, 4 vaga(s). Destaques: piscina,salão de festas. Contato: Maria Moura.",,,existing
imovel-1101.html,"Studio em Canejan, Itanhaém — lareira","Studio em Canejan, Itanhaém: 266m², 5 dorm, 2 vaga(s). Destaques: lareira,playground,depósito,churrasqueira. Contato: Fernanda Nunes.",,,existing
imovel-1102.html,"Apartamento em  Vila Nova, Santos - painel solar","Apartamento em  Vila Nova, Santos: 249m2, 2 dorm, 3 vaga(s). Destaques: painel solar,quintal gourmet. Contato: Amanda Mendes.",,,existing
imovel-1103.html,"Studio em Santa Eugênia, Mongaguá - closet","Studio em Santa Eugênia, Mongaguá: 218m2, 5 dorm, 1 vaga(s). Destaques: closet. Contato: Ana Lima.",,,existing
imovel-1104.html,"Comercial em Guaraú, Peruíbe - gerador","Comercial em Guaraú, Peruíbe: 180m2, 4 dorm, 4 vaga(s). Destaques: gerador,playground,piscina,aquecimento solar. Contato: Camila Rocha.",,,existing
imovel-1105.html,"Apartamento em Ilha Comprida, Peruíbe - painel solar","Apartamento em Ilha Comprida, Peruíbe: 112m2, 5 dorm, 1 vaga(s). Destaques: painel solar,closet. Contato: Felipe Barros.",,,existing
imovel-1106.html,"Cobertura em  Santa Teresinha, Santos - vagas de garagem","Cobertura em  Santa Teresinha, Santos: 42m2, 1 dorm, 4 vaga(s). Destaques: vagas de garagem,aquecimento solar. Contato: Bianca Ribeiro.",,,existing
imovel-1107.html,"Comercial em José Menino, Santos — vagas de garagem","Comercial em José Menino, Santos: 275m², 2 dorm, 1 vaga(s). Destaques: vagas de garagem,piscina. Contato: Patrícia Lopes.",,,existing
imovel-1108.html,"Casa-Condo em Ponta de Pedras, São Vicente — academia","Casa-Condo em Ponta de Pedras, São Vicente: 35m², 2 dorm, 1 vaga(s). Destaques: academia,aquecimento solar. Contato: Diego Pereira.",,,existing
imovel-1109.html,"Casa em Vila Rica, Itanhaém - salão de festas","Casa em Vila Rica, Itanhaém: 240m2, 2 dorm, 3 vaga(s). Destaques: salão de festas,gerador,academia. Contato: Rafael Souza.",,,existing
imovel-1110.html,"Casa-Condo em Vista Linda, Bertioga - condomínio fechado","Casa-Condo em Vista Linda, Bertioga: 167m2, 4 dorm, 3 vaga(s). Destaques: condomínio fechado,academia,área de serviço. Contato: Maria Silva.",,,existing
imovel-1111.html,"Cobertura em Centro, Itanhaém — lavabo","Cobertura em Centro, Itanhaém: 245m², 4 dorm, 1 vaga(s). Destaques: lavabo,sacada. Contato: Bruno Costa.",,,existing
imovel-1112.html,"Casa-Condo em Suarão, Itanhaém - piscina","Casa-Condo em Suarão, Itanhaém: 43m2, 2 dorm, 3 vaga(s). Destaques: piscina,gerador,vagas de garagem. Contato: Juliana Araújo.",,,existing
imovel-1113.html,"Comercial em Vila São Paulo, Mongaguá - piscina","Comercial em Vila São Paulo, Mongaguá: 59m2, 1 dorm, 4 vaga(s). Destaques: piscina,suite. Contato: Patrícia Alves.",,,existing
imovel-1114.html,"Casa-Condo em Balneário São João, Peruíbe - lavabo","Casa-Condo em Balneário São João, Peruíbe: 149m2, 5 dorm, 2 vaga(s). Destaques: lavabo,lareira,vagas de garagem,vista mar. Contato: João Ferreira.",,,existing
imovel-1115.html,"Apartamento em Condomínio, Bertioga - closet","Apartamento em Condomínio, Bertioga: 175m2, 2 dorm, 1 vaga(s). Destaques: closet,quintal gourmet,lareira,área de serviço. Contato: Camila Teixeira.",,,existing
imovel-1116.html,"Apartamento em Riviera, Bertioga - lareira","Apartamento em Riviera, Bertioga: 238m2, 3 dorm, 4 vaga(s). Destaques: lareira. Contato: Mariana Barros.",,,existing
imovel-1117.html,"Cobertura em Jardim Rio Branco, São Vicente - closet","Cobertura em Jardim Rio Branco, São Vicente: 138m2, 2 dorm, 3 vaga(s). Destaques: closet,suite. Contato: Thiago Silva.",,,existing
imovel-1118.html,"Casa-Condo em Balneário, Mongaguá - lavabo","Casa-Condo em Balneário, Mongaguá: 165m2, 3 dorm, 1 vaga(s). Destaques: lavabo,aquecimento solar,sacada. Contato: Juliana Barros.",,,existing
imovel-1119.html,"Studio em Mato Dentro, Bertioga - sacada","Studio em Mato Dentro, Bertioga: 106m2, 5 dorm, 3 vaga(s). Destaques: sacada,painel solar,academia. Contato: Amanda Ribeiro.",,,existing
imovel-1120.html,"Casa em Jardim América, Praia Grande - gerador","Casa em Jardim América, Praia Grande: 229m2, 1 dorm, 4 vaga(s). Destaques: gerador. Contato: Luciana Rocha.",,,existing
imovel-1121.html,"Apartamento em Boqueirão, Santos - academia","Apartamento em Boqueirão, Santos: 66m2, 5 dorm, 2 vaga(s). Destaques: academia. Contato: Paulo Rocha.",,,existing
imovel-1122.html,"Cobertura em  Santa Teresinha, Santos - condomínio fechado","Cobertura em  Santa Teresinha, Santos: 48m2, 4 dorm, 1 vaga(s). Destaques: condomínio fechado,sacada,salão de festas,closet. Contato: Patrícia Nunes.",,,existing
imovel-1123.html,"Cobertura em Enseada, Guarujá - salão de festas","Cobertura em Enseada, Guarujá: 183m2, 2 dorm, 3 vaga(s). Destaques: salão de festas,condomínio fechado. Contato: Patrícia Lopes.",,,existing
imovel-1124.html,"Casa-Condo em Vila São Paulo, Mongaguá - quintal gourmet","Casa-Condo em Vila São Paulo, Mongaguá: 188m2, 4 dorm, 2 vaga(s). Destaques: quintal gourmet,condomínio fechado,lavabo. Contato: Maria Souza.",,,existing
imovel-1125.html,"Comercial em Vista Linda, Bertioga - gerador","Comercial em Vista Linda, Bertioga: 204m2, 5 dorm, 1 vaga(s). Destaques: gerador. Contato: Diego Lima.",,,existing
imovel-1126.html,"Studio em Centro, São Vicente - lavabo","Studio em Centro, São Vicente: 80m2, 1 dorm, 3 vaga(s). Destaques: lavabo,elevador,painel solar,sacada. Contato: Juliana Teixeira.",,,existing
imovel-1127.html,"Casa-Condo em Ilha Comprida, Peruíbe - vista mar","Casa-Condo em Ilha Comprida, Peruíbe: 153m2, 1 dorm, 3 vaga(s). Destaques: vista mar,área de serviço,playground. Contato: Maria Cardoso.",,,existing
imovel-1128.html,"Lote em Bueno, Guarujá - área de serviço","Lote em Bueno, Guarujá: 173m2, 3 dorm, 1 vaga(s). Destaques: área de serviço,academia,piscina. Contato: Bruno Cardoso.",,,existing
imovel-1129.html,"Studio em Jardim América, Praia Grande — área de serviço","Studio em Jardim América, Praia Grande: 254m², 4 dorm, 3 vaga(s). Destaques: área de serviço,painel solar,quintal gourmet,lavabo. Contato: Juliana Cardoso.",,,existing
imovel-1130.html,"Cobertura em Costão, Peruíbe - quintal gourmet","Cobertura em Costão, Peruíbe: 260m2, 1 dorm, 3 vaga(s). Destaques: quintal gourmet,gerador. Contato: Camila Rocha.",,,existing
imovel-1131.html,"Studio em Itararé, São Vicente - vagas de garagem","Studio em Itararé, São Vicente: 175m2, 2 dorm, 1 vaga(s). Destaques: vagas de garagem. Contato: Carlos Silva.",,,existing
imovel-1132.html,"Studio em Vila São Paulo, Mongaguá - painel solar","Studio em Vila São Paulo, Mongaguá: 40m2, 4 dorm, 2 vaga(s). Destaques: painel solar,lavabo. Contato: Carlos Ribeiro.",,,existing
imovel-1133.html,"Comercial em Canejan, Itanhaém - condomínio fechado","Comercial em Canejan, Itanhaém: 89m2, 4 dorm, 2 vaga(s). Destaques: condomínio fechado. Contato: Camila Nunes.",,,existing
imovel-1134.html,"Studio em Condomínio, Bertioga - gerador","Studio em Condomínio, Bertioga: 96m2, 2 dorm, 1 vaga(s). Destaques: gerador,sacada,suite. Contato: Bianca Gomes.",,,existing
imovel-1135.html,"Lote em Estância, Peruíbe - condomínio fechado","Lote em Estância, Peruíbe: 55m2, 5 dorm, 1 vaga(s). Destaques: condomínio fechado. Contato: Mariana Lopes.",,,existing
imovel-1136.html,"Casa em Real, Praia Grande - lavabo","Casa em Real, Praia Grande: 276m2, 2 dorm, 4 vaga(s). Destaques: lavabo,sacada. Contato: Mariana Ferreira.",,,existing
imovel-1137.html,"Comercial em Vila Tupy, Itanhaém — lareira","Comercial em Vila Tupy, Itanhaém: 248m², 1 dorm, 3 vaga(s). Destaques: lareira. Contato: Ana Mendes.",,,existing
imovel-1138.html,"Apartamento em Santo Amaro, Guarujá - elevador","Apartamento em Santo Amaro, Guarujá: 276m2, 5 dorm, 2 vaga(s). Destaques: elevador,gerador,closet,lareira. Contato: João Costa.",,,existing
imovel-1139.html,"Casa-Condo em Barranco Alto, Guarujá — lavabo","Casa-Condo em Barranco Alto, Guarujá: 194m², 3 dorm, 3 vaga(s). Destaques: lavabo,condomínio fechado,vista mar. Contato: Carlos Lima.",,,existing
imovel-1140.html,"Comercial em Vila Tupy, Itanhaém - sacada","Comercial em Vila Tupy, Itanhaém: 192m2, 1 dorm, 4 vaga(s). Destaques: sacada,elevador. Contato: Felipe Costa.",,,existing
imovel-1141.html,"Lote em Condomínio, Bertioga — piscina","Lote em Condomínio, Bertioga: 82m², 1 dorm, 2 vaga(s). Destaques: piscina. Contato: Luciana Lima.",,,existing
imovel-1142.html,"Casa em Embaré, Santos - lareira","Casa em Embaré, Santos: 147m2, 1 dorm, 1 vaga(s). Destaques: lareira,churrasqueira,academia. Contato: Felipe Cardoso.",,,existing
imovel-1143.html,"Casa-Condo em Mirim, Praia Grande — aquecimento solar","Casa-Condo em Mirim, Praia Grande: 278m², 2 dorm, 2 vaga(s). Destaques: aquecimento solar,academia,área de serviço,lareira. Contato: Juliana Souza.",,,existing
imovel-1144.html,"Comercial em Costão, Bertioga - gerador","Comercial em Costão, Bertioga: 143m2, 2 dorm, 1 vaga(s). Destaques: gerador. Contato: Bianca Teixeira.",,,existing
imovel-1145.html,"Comercial em Mirim, Praia Grande - quintal gourmet","Comercial em Mirim, Praia Grande: 132m2, 5 dorm, 4 vaga(s). Destaques: quintal gourmet. Contato: Maria Rocha.",,,existing
imovel-1146.html,"Casa-Condo em Balneário, Mongaguá - depósito","Casa-Condo em Balneário, Mongaguá: 150m2, 5 dorm, 4 vaga(s). Destaques: depósito,lavabo. Contato: Larissa Alves.",,,existing
imovel-1147.html,"Comercial em Jardim América, Praia Grande - quintal gourmet","Comercial em Jardim América, Praia Grande: 172m2, 1 dorm, 4 vaga(s). Destaques: quintal gourmet,aquecimento solar,gerador,churrasqueira. Contato: Fernanda Ribeiro.",,,existing
imovel-1148.html,"Casa-Condo em Santo Amaro, Guarujá - closet","Casa-Condo em Santo Amaro, Guarujá: 183m2, 2 dorm, 3 vaga(s). Destaques: closet,suite,quintal gourmet. Contato: Bruno Costa.",,,existing
imovel-1149.html,"Lote em Centro, Bertioga — depósito","Lote em Centro, Bertioga: 43m², 3 dorm, 3 vaga(s). Destaques: depósito. Contato: Rafael Vieira.",,,existing
imovel-1150.html,"Casa em Estância, Peruíbe - piscina","Casa em Estância, Peruíbe: 63m2, 4 dorm, 4 vaga(s). Destaques: piscina,área de serviço. Contato: Bruno Lopes.",,,existing
imovel-1151.html,"Cobertura em Jardim Rio Branco, São Vicente — elevador","Cobertura em Jardim Rio Branco, São Vicente: 226m², 4 dorm, 2 vaga(s). Destaques: elevador,vista mar,churrasqueira. Contato: Maria Costa.",,,existing
imovel-1152.html,"Studio em Gonzaguinha, São Vicente - área de serviço","Studio em Gonzaguinha, São Vicente: 258m2, 2 dorm, 2 vaga(s). Destaques: área de serviço,aquecimento solar,vista mar,vagas de garagem. Contato: Camila Gomes.",,,existing
imovel-1153.html,"Casa-Condo em Guilhermina, Praia Grande - suite","Casa-Condo em Guilhermina, Praia Grande: 208m2, 2 dorm, 3 vaga(s). Destaques: suite. Contato: João Lima.",,,existing
imovel-1154.html,"Comercial em Guaraú, Peruíbe — suite","Comercial em Guaraú, Peruíbe: 68m², 5 dorm, 2 vaga(s). Destaques: suite. Contato: Patrícia Ribeiro.",,,existing
imovel-1155.html,"Studio em Balneário São João, Peruíbe - painel solar","Studio em Balneário São João, Peruíbe: 195m2, 5 dorm, 4 vaga(s). Destaques: painel solar,academia,quintal gourmet. Contato: Luciana Vieira.",,,existing
imovel-1156.html,"Apartamento em Guilhermina, Praia Grande - área de serviço","Apartamento em Guilhermina, Praia Grande: 268m2, 2 dorm, 4 vaga(s). Destaques: área de serviço,salão de festas,suite. Contato: Paulo Lima.",,,existing
imovel-1157.html,"Cobertura em Vila São Paulo, Itanhaém - sacada","Cobertura em Vila São Paulo, Itanhaém: 279m2, 2 dorm, 2 vaga(s). Destaques: sacada,closet. Contato: Camila Teixeira.",,,existing
imovel-1158.html,"Comercial em Santa Maria, Guarujá - playground","Comercial em Santa Maria, Guarujá: 40m2, 3 dorm, 2 vaga(s). Destaques: playground,salão de festas. Contato: Ricardo Mendes.",,,existing
imovel-1159.html,"Studio em Centro, Mongaguá - piscina","Studio em Centro, Mongaguá: 122m2, 2 dorm, 3 vaga(s). Destaques: piscina. Contato: João Barros.",,,existing
imovel-1160.html,Imóvel 1160 — Praia Digital,Cidade: Santos,,,existing
imovel-1161.html,Imóvel 1161 — Praia Digital,Cidade: Guarujá,,,existing
imovel-1162.html,Imóvel 1162 — Praia Digital,Cidade: Santos,,,existing
imovel-1163.html,Imóvel 1163 — Praia Digital,Cidade: Guarujá,,,existing
imovel-1164.html,Imóvel 1164 — Bertioga/Centro,Cidade: Bertioga,,,existing
imovel-1165.html,Imóvel 1165 — Peruíbe/Balneário São João,Cidade: Peruíbe,,,existing
imovel-1166.html,Imóvel 1166 — Santos/Embaré,Cidade: Santos,,,existing
imovel-1167.html,Imóvel 1167 — Guarujá/Joys,Cidade: Guarujá,,,existing
imovel-1168.html,Imóvel 1168 — Itanhaém/Jardim Anchura,Cidade: Itanhaém,,,existing
imovel-1169.html,Imóvel 1169 — Santos/Boqueirão,Cidade: Santos,,,existing
imovel-1170.html,Imóvel 1170 — Mongaguá/Centro,Cidade: Mongaguá,,,existing
imovel-1171.html,Imóvel 1171 — Praia Grande/Tupy,Cidade: Praia Grande,,,existing
imovel-1172.html,Imóvel 1172 — Peruíbe/Jardim São Paulo,Cidade: Peruíbe,,,existing
imovel-1173.html,Imóvel 1173 — Bertioga/Riviera,Cidade: Bertioga,,,existing
imovel-1174.html,Imóvel,,,,existing
imovel-1175.html,Imóvel,,,,existing
imovel-1176.html,Imóvel,,,,existing
imovel-1177.html,Imóvel,,,,existing
imovel-1178.html,Imóvel,,,,existing
imovel-1179.html,Imóvel,,,,existing
imovel-1180.html,Cobertura com 5 quartos em Santos,cobertura no litoral paulista com 5 dormitórios e 60m² em Santos.,,,existing
imovel-1181.html,Casa Vista Mar — Litoral Norte,"Casa em Vista Mar, Litoral Norte. 3 quartos, 3 vagas, 70m². R$ 719,000",,,existing
imovel-1182.html,Apartamento Recanto do Sol — Praia Grande,"Apartamento em Recanto do Sol, Praia Grande. 4 quartos, 1 vagas, 88m². R$ 260,000",,,existing
imovel-1183.html,Apartamento Jardim Atlântico — Costa Verde,"Apartamento em Jardim Atlântico, Costa Verde. 4 quartos, 3 vagas, 56m². R$ 211,000",,,existing
imovel-1184.html,Casa Centro — Costa Verde,"Casa em Centro, Costa Verde. 1 quartos, 2 vagas, 73m². R$ 718,000",,,existing
imovel-1185.html,Studio Vista Mar — Costa Verde,"Studio em Vista Mar, Costa Verde. 1 quartos, 1 vagas, 36m². R$ 852,000",,,existing
imovel-1186.html,Apartamento Vista Mar — Centro Hist.,"Apartamento em Vista Mar, Centro Hist.. 4 quartos, 1 vagas, 107m². R$ 508,000",,,existing
imovel-1187.html,Apartamento Jardim Atlântico — Centro Hist.,"Apartamento em Jardim Atlântico, Centro Hist.. 4 quartos, 1 vagas, 126m². R$ 617,000",,,existing
imovel-1188.html,Apartamento Costa Dourada — Centro Hist.,"Apartamento em Costa Dourada, Centro Hist.. 1 quartos, 2 vagas, 128m². R$ 313,000",,,existing
imovel-1189.html,Cobertura Maré Alta — Praia Grande,"Cobertura em Maré Alta, Praia Grande. 2 quartos, 1 vagas, 45m². R$ 587,000",,,existing
imovel-1190.html,Studio Centro — Praia Grande,"Studio em Centro, Praia Grande. 1 quartos, 1 vagas, 143m². R$ 662,000",,,existing
imovel-1191.html,Flat Costa Dourada — Praia Grande,"Flat em Costa Dourada, Praia Grande. 1 quartos, 3 vagas, 40m². R$ 590,000",,,existing
imovel-1192.html,Studio Costa Dourada — Praia Grande,"Studio em Costa Dourada, Praia Grande. 3 quartos, 3 vagas, 121m². R$ 816,000",,,existing
imovel-1193.html,Studio Beira-Mar — Barra Norte,"Studio em Beira-Mar, Barra Norte. 1 quartos, 1 vagas, 134m². R$ 191,000",,,existing
imovel-1194.html,Flat Costa Dourada — Costa Verde,"Flat em Costa Dourada, Costa Verde. 2 quartos, 2 vagas, 41m². R$ 688,000",,,existing
imovel-1195.html,Cobertura Praia dos Golfinhos — Litoral Norte,"Cobertura em Praia dos Golfinhos, Litoral Norte. 1 quartos, 2 vagas, 175m². R$ 816,000",,,existing
imovel-1196.html,Cobertura com 3 quartos em Peruíbe,cobertura no litoral paulista com 3 dormitórios e 160m² em Peruíbe.,,,existing
imovel-1197.html,Flat Maré Alta — Praia Grande,"Flat em Maré Alta, Praia Grande. 4 quartos, 2 vagas, 150m². R$ 208,000",,,existing
imovel-1198.html,Cobertura Porto Belo — Costa Verde,"Cobertura em Porto Belo, Costa Verde. 3 quartos, 4 vagas, 159m². R$ 959,000",,,existing
imovel-1199.html,Apartamento Vista Mar — Costa Verde,"Apartamento em Vista Mar, Costa Verde. 1 quartos, 4 vagas, 150m². R$ 244,000",,,existing
imovel-1200.html,Triplex Jardim Atlântico — Brisa do Mar,"Triplex em Jardim Atlântico, Brisa do Mar. 4 quartos, 3 vagas, 218m². R$ 621,000",,,existing
imovel-1201.html,Flat Recanto do Sol — Praia Sul,"Flat em Recanto do Sol, Praia Sul. 1 quartos, 2 vagas, 100m². R$ 694,000",,,existing
imovel-1202.html,Flat Maré Alta — Praia Sul,"Flat em Maré Alta, Praia Sul. 4 quartos, 4 vagas, 131m². R$ 646,000",,,existing
imovel-1203.html,Cobertura Jardim Atlântico — Praia Grande,"Cobertura em Jardim Atlântico, Praia Grande. 1 quartos, 3 vagas, 173m². R$ 894,000",,,existing
imovel-1204.html,Triplex Recanto do Sol — Porto da Lua,"Triplex em Recanto do Sol, Porto da Lua. 5 quartos, 4 vagas, 74m². R$ 744,000",,,existing
imovel-1205.html,Flat Costa Dourada — Barra Norte,"Flat em Costa Dourada, Barra Norte. 3 quartos, 1 vagas, 156m². R$ 981,000",,,existing
imovel-1206.html,Casa Recanto do Sol — Porto da Lua,"Casa em Recanto do Sol, Porto da Lua. 1 quartos, 1 vagas, 83m². R$ 612,000",,,existing
imovel-1207.html,Apartamento Praia dos Golfinhos — Praia Grande,"Apartamento em Praia dos Golfinhos, Praia Grande. 4 quartos, 4 vagas, 80m². R$ 491,000",,,existing
imovel-1208.html,Flat Costa Dourada — Praia Sul,"Flat em Costa Dourada, Praia Sul. 5 quartos, 4 vagas, 155m². R$ 697,000",,,existing
imovel-1209.html,Flat Costa Dourada — Praia Grande,"Flat em Costa Dourada, Praia Grande. 4 quartos, 3 vagas, 108m². R$ 658,000",,,existing
imovel-1210.html,Flat Jardim Atlântico — Praia Grande,"Flat em Jardim Atlântico, Praia Grande. 2 quartos, 1 vagas, 152m². R$ 634,000",,,existing
imovel-1211.html,Flat Beira-Mar — Brisa do Mar,"Flat em Beira-Mar, Brisa do Mar. 4 quartos, 2 vagas, 125m². R$ 1,138,000",,,existing
imovel-1212.html,Flat Praia dos Golfinhos — Praia Grande,"Flat em Praia dos Golfinhos, Praia Grande. 4 quartos, 2 vagas, 159m². R$ 880,000",,,existing
imovel-1213.html,Flat Maré Alta — Barra Norte,"Flat em Maré Alta, Barra Norte. 3 quartos, 4 vagas, 183m². R$ 579,000",,,existing
imovel-1214.html,Studio Costa Dourada — Praia Sul,"Studio em Costa Dourada, Praia Sul. 3 quartos, 3 vagas, 221m². R$ 526,000",,,existing
imovel-1215.html,Cobertura Beira-Mar — Centro Hist.,"Cobertura em Beira-Mar, Centro Hist.. 4 quartos, 4 vagas, 153m². R$ 814,000",,,existing
imovel-1216.html,Studio Recanto do Sol — Costa Verde,"Studio em Recanto do Sol, Costa Verde. 2 quartos, 4 vagas, 194m². R$ 644,000",,,existing
imovel-1217.html,Casa com 5 quartos em Guarujá,casa no litoral paulista com 5 dormitórios e 240m² em Guarujá.,,,existing
imovel-1218.html,Studio com 4 quartos em Peruíbe,studio no litoral paulista com 4 dormitórios e 280m² em Peruíbe.,,,existing
imovel-1219.html,Casa com 5 quartos em Itanhaém,casa no litoral paulista com 5 dormitórios e 55m² em Itanhaém.,,,existing
imovel-1220.html,Cobertura com 4 quartos em Guarujá,cobertura no litoral paulista com 4 dormitórios e 35m² em Guarujá.,,,existing
imovel-1221.html,Loft com 2 quartos em Itanhaém,loft no litoral paulista com 2 dormitórios e 160m² em Itanhaém.,,,existing
imovel-1222.html,Cobertura com 5 quartos em Guarujá,cobertura no litoral paulista com 5 dormitórios e 320m² em Guarujá.,,,existing
imovel-1223.html,Casa com 5 quartos em Guarujá,casa no litoral paulista com 5 dormitórios e 240m² em Guarujá.,,,existing
imovel-1224.html,Studio com 4 quartos em Peruíbe,studio no litoral paulista com 4 dormitórios e 280m² em Peruíbe.,,,existing
imovel-1225.html,Casa com 5 quartos em Itanhaém,casa no litoral paulista com 5 dormitórios e 55m² em Itanhaém.,,,existing
imovel-1226.html,Cobertura com 4 quartos em Guarujá,cobertura no litoral paulista com 4 dormitórios e 35m² em Guarujá.,,,existing
imovel-1227.html,Loft com 2 quartos em Itanhaém,loft no litoral paulista com 2 dormitórios e 160m² em Itanhaém.,,,existing
imovel-1228.html,Cobertura com 5 quartos em Guarujá,cobertura no litoral paulista com 5 dormitórios e 320m² em Guarujá.,,,existing
imovel-1229.html,Casa com 5 quartos em Guarujá,casa no litoral paulista com 5 dormitórios e 240m² em Guarujá.,,,existing
imovel-1230.html,Studio com 4 quartos em Peruíbe,studio no litoral paulista com 4 dormitórios e 280m² em Peruíbe.,,,existing
imovel-1231.html,Casa com 5 quartos em Itanhaém,casa no litoral paulista com 5 dormitórios e 55m² em Itanhaém.,,,existing
imovel-1232.html,Cobertura com 4 quartos em Guarujá,cobertura no litoral paulista com 4 dormitórios e 35m² em Guarujá.,,,existing
imovel-1233.html,Loft com 2 quartos em Itanhaém,loft no litoral paulista com 2 dormitórios e 160m² em Itanhaém.,,,existing
imovel-1235-chalé-barra-guarujá-1-quartos.html,Chalé Barra — Guarujá (1 quartos),"Chalé no Barra, Guarujá. 1 quartos, 3 vaga(s), 80 m². Valor: R$ 1,114,649. Ideal para temporada ou moradia.",,,existing
imovel-1236-flat-enseada-mongaguá-1-quartos.html,Flat Enseada — Mongaguá (1 quartos),"Flat no Enseada, Mongaguá. 1 quartos, 3 vaga(s), 91 m². Valor: R$ 1,638,684. Ideal para temporada ou moradia.",,,existing
imovel-1237-apartamento-maré-praia-grande-4-quartos.html,Apartamento Maré — Praia Grande (4 quartos),"Apartamento no Maré, Praia Grande. 4 quartos, 2 vaga(s), 213 m². Valor: R$ 1,938,346. Ideal para temporada ou moradia.",,,existing
imovel-1238-cobertura-maré-caraguatatuba-3-quartos.html,Cobertura Maré — Caraguatatuba (3 quartos),"Cobertura no Maré, Caraguatatuba. 3 quartos, 3 vaga(s), 117 m². Valor: R$ 2,301,483. Ideal para temporada ou moradia.",,,existing
imovel-1239-chalé-gonzaga-ilhabela-4-quartos.html,Chalé Gonzaga — Ilhabela (4 quartos),"Chalé no Gonzaga, Ilhabela. 4 quartos, 1 vaga(s), 164 m². Valor: R$ 353,370. Ideal para temporada ou moradia.",,,existing
imovel-1240-chalé-oeste-guarujá-2-quartos.html,Chalé Oeste — Guarujá (2 quartos),"Chalé no Oeste, Guarujá. 2 quartos, 1 vaga(s), 62 m². Valor: R$ 2,208,431. Ideal para temporada ou moradia.",,,existing
imovel-1241-flat-barra-praia-grande-4-quartos.html,Flat Barra — Praia Grande (4 quartos),"Flat no Barra, Praia Grande. 4 quartos, 3 vaga(s), 188 m². Valor: R$ 2,247,819. Ideal para temporada ou moradia.",,,existing
imovel-1242-casa-barra-peruíbe-1-quartos.html,Casa Barra — Peruíbe (1 quartos),"Casa no Barra, Peruíbe. 1 quartos, 1 vaga(s), 187 m². Valor: R$ 1,783,940. Ideal para temporada ou moradia.",,,existing
imovel-1243-casa-jardim-itanhaém-1-quartos.html,Casa Jardim — Itanhaém (1 quartos),"Casa no Jardim, Itanhaém. 1 quartos, 2 vaga(s), 202 m². Valor: R$ 1,020,493. Ideal para temporada ou moradia.",,,existing
imovel-1244-chalé-leste-itanhaém-2-quartos.html,Chalé Leste — Itanhaém (2 quartos),"Chalé no Leste, Itanhaém. 2 quartos, 1 vaga(s), 213 m². Valor: R$ 1,341,430. Ideal para temporada ou moradia.",,,existing
imovel-1245-casa-oeste-praia-grande-3-quartos.html,Casa Oeste — Praia Grande (3 quartos),"Casa no Oeste, Praia Grande. 3 quartos, 3 vaga(s), 145 m². Valor: R$ 669,434. Ideal para temporada ou moradia.",,,existing
imovel-1246-cobertura-marina-santos-2-quartos.html,Cobertura Marina — Santos (2 quartos),"Cobertura no Marina, Santos. 2 quartos, 2 vaga(s), 167 m². Valor: R$ 1,907,397. Ideal para temporada ou moradia.",,,existing
imovel-1247-chalé-oeste-santos-1-quartos.html,Chalé Oeste — Santos (1 quartos),"Chalé no Oeste, Santos. 1 quartos, 3 vaga(s), 67 m². Valor: R$ 2,073,536. Ideal para temporada ou moradia.",,,existing
imovel-1248-cobertura-barra-santos-1-quartos.html,Cobertura Barra — Santos (1 quartos),"Cobertura no Barra, Santos. 1 quartos, 1 vaga(s), 206 m². Valor: R$ 1,221,366. Ideal para temporada ou moradia.",,,existing
imovel-1249-cobertura-gonzaga-guarujá-1-quartos.html,Cobertura Gonzaga — Guarujá (1 quartos),"Cobertura no Gonzaga, Guarujá. 1 quartos, 3 vaga(s), 107 m². Valor: R$ 2,188,418. Ideal para temporada ou moradia.",,,existing
imovel-1250-apartamento-gonzaga-guarujá-4-quartos.html,Apartamento Gonzaga — Guarujá (4 quartos),"Apartamento no Gonzaga, Guarujá. 4 quartos, 2 vaga(s), 176 m². Valor: R$ 2,252,732. Ideal para temporada ou moradia.",,,existing
imovel-1251-casa-gonzaga-praia-grande-2-quartos.html,Casa Gonzaga — Praia Grande (2 quartos),"Casa no Gonzaga, Praia Grande. 2 quartos, 1 vaga(s), 219 m². Valor: R$ 2,037,266. Ideal para temporada ou moradia.",,,existing
imovel-1252-chalé-itapua-bertioga-3-quartos.html,Chalé Itapua — Bertioga (3 quartos),"Chalé no Itapua, Bertioga. 3 quartos, 2 vaga(s), 41 m². Valor: R$ 930,562. Ideal para temporada ou moradia.",,,existing
imovel-1253-apartamento-jardim-peruíbe-2-quartos.html,Apartamento Jardim — Peruíbe (2 quartos),"Apartamento no Jardim, Peruíbe. 2 quartos, 3 vaga(s), 126 m². Valor: R$ 2,420,795. Ideal para temporada ou moradia.",,,existing
imovel-1254-apartamento-marina-praia-grande-3-quartos.html,Apartamento Marina — Praia Grande (3 quartos),"Apartamento no Marina, Praia Grande. 3 quartos, 2 vaga(s), 97 m². Valor: R$ 1,913,617. Ideal para temporada ou moradia.",,,existing
imovel-1255-casa-oeste-ubatuba-3-quartos.html,Casa Oeste — Ubatuba (3 quartos),"Casa no Oeste, Ubatuba. 3 quartos, 2 vaga(s), 72 m². Valor: R$ 2,284,053. Ideal para temporada ou moradia.",,,existing
imovel-1256-cobertura-maré-ilhabela-2-quartos.html,Cobertura Maré — Ilhabela (2 quartos),"Cobertura no Maré, Ilhabela. 2 quartos, 1 vaga(s), 35 m². Valor: R$ 428,700. Ideal para temporada ou moradia.",,,existing
imovel-1257-apartamento-alfa-praia-grande-4-quartos.html,Apartamento Alfa — Praia Grande (4 quartos),"Apartamento no Alfa, Praia Grande. 4 quartos, 1 vaga(s), 91 m². Valor: R$ 361,371. Ideal para temporada ou moradia.",,,existing
imovel-1258-cobertura-boqueirão-santos-3-quartos.html,Cobertura Boqueirão — Santos (3 quartos),"Cobertura no Boqueirão, Santos. 3 quartos, 2 vaga(s), 73 m². Valor: R$ 480,965. Ideal para temporada ou moradia.",,,existing
imovel-1259-cobertura-camburi-mongaguá-4-quartos.html,Cobertura Camburi — Mongaguá (4 quartos),"Cobertura no Camburi, Mongaguá. 4 quartos, 2 vaga(s), 109 m². Valor: R$ 1,972,082. Ideal para temporada ou moradia.",,,existing
imovel-1260-casa-itapua-itanhaém-3-quartos.html,Casa Itapua — Itanhaém (3 quartos),"Casa no Itapua, Itanhaém. 3 quartos, 2 vaga(s), 83 m². Valor: R$ 1,206,569. Ideal para temporada ou moradia.",,,existing
imovel-1261-apartamento-maré-são-vicente-2-quartos.html,Apartamento Maré — São Vicente (2 quartos),"Apartamento no Maré, São Vicente. 2 quartos, 2 vaga(s), 107 m². Valor: R$ 2,463,955. Ideal para temporada ou moradia.",,,existing
imovel-1262-apartamento-gonzaga-santos-1-quartos.html,Apartamento Gonzaga — Santos (1 quartos),"Apartamento no Gonzaga, Santos. 1 quartos, 3 vaga(s), 130 m². Valor: R$ 2,474,609. Ideal para temporada ou moradia.",,,existing
imovel-1263-cobertura-oeste-peruíbe-4-quartos.html,Cobertura Oeste — Peruíbe (4 quartos),"Cobertura no Oeste, Peruíbe. 4 quartos, 3 vaga(s), 184 m². Valor: R$ 378,583. Ideal para temporada ou moradia.",,,existing
imovel-1264-apartamento-barra-itanhaém-4-quartos.html,Apartamento Barra — Itanhaém (4 quartos),"Apartamento no Barra, Itanhaém. 4 quartos, 1 vaga(s), 177 m². Valor: R$ 700,962. Ideal para temporada ou moradia.",,,existing
imovel-1265-apartamento-alfa-guarujá-3-quartos.html,Apartamento Alfa — Guarujá (3 quartos),"Apartamento no Alfa, Guarujá. 3 quartos, 2 vaga(s), 129 m². Valor: R$ 648,096. Ideal para temporada ou moradia.",,,existing
imovel-1266-chalé-barra-santos-3-quartos.html,Chalé Barra — Santos (3 quartos),"Chalé no Barra, Santos. 3 quartos, 2 vaga(s), 44 m². Valor: R$ 1,055,975. Ideal para temporada ou moradia.",,,existing
imovel-1267-apartamento-boqueirão-guarujá-4-quartos.html,Apartamento Boqueirão — Guarujá (4 quartos),"Apartamento no Boqueirão, Guarujá. 4 quartos, 1 vaga(s), 45 m². Valor: R$ 2,225,092. Ideal para temporada ou moradia.",,,existing
imovel-1268-chalé-alfa-peruíbe-3-quartos.html,Chalé Alfa — Peruíbe (3 quartos),"Chalé no Alfa, Peruíbe. 3 quartos, 1 vaga(s), 40 m². Valor: R$ 2,281,135. Ideal para temporada ou moradia.",,,existing
imovel-1269-chalé-jardim-itanhaém-3-quartos.html,Chalé Jardim — Itanhaém (3 quartos),"Chalé no Jardim, Itanhaém. 3 quartos, 2 vaga(s), 73 m². Valor: R$ 1,704,525. Ideal para temporada ou moradia.",,,existing
imovel-1270-cobertura-maré-são-vicente-1-quartos.html,Cobertura Maré — São Vicente (1 quartos),"Cobertura no Maré, São Vicente. 1 quartos, 1 vaga(s), 104 m². Valor: R$ 452,772. Ideal para temporada ou moradia.",,,existing
imovel-1271-apartamento-gonzaga-bertioga-4-quartos.html,Apartamento Gonzaga — Bertioga (4 quartos),"Apartamento no Gonzaga, Bertioga. 4 quartos, 1 vaga(s), 97 m². Valor: R$ 2,057,121. Ideal para temporada ou moradia.",,,existing
imovel-1272-flat-barra-santos-3-quartos.html,Flat Barra — Santos (3 quartos),"Flat no Barra, Santos. 3 quartos, 2 vaga(s), 201 m². Valor: R$ 2,450,288. Ideal para temporada ou moradia.",,,existing
imovel-1273-chalé-centro-bertioga-4-quartos.html,Chalé Centro — Bertioga (4 quartos),"Chalé no Centro, Bertioga. 4 quartos, 2 vaga(s), 42 m². Valor: R$ 2,300,361. Ideal para temporada ou moradia.",,,existing
imovel-1274-apartamento-oeste-bertioga-3-quartos.html,Apartamento Oeste — Bertioga (3 quartos),"Apartamento no Oeste, Bertioga. 3 quartos, 1 vaga(s), 191 m². Valor: R$ 1,158,393. Ideal para temporada ou moradia.",,,existing
imovel-1275-casa-norte-santos-3-quartos.html,Casa Norte — Santos (3 quartos),"Casa no Norte, Santos. 3 quartos, 3 vaga(s), 142 m². Valor: R$ 879,088. Ideal para temporada ou moradia.",,,existing
imovel-1276-flat-enseada-ilhabela-3-quartos.html,Flat Enseada — Ilhabela (3 quartos),"Flat no Enseada, Ilhabela. 3 quartos, 1 vaga(s), 198 m². Valor: R$ 201,881. Ideal para temporada ou moradia.",,,existing
imovel-1277-apartamento-leste-itanhaém-1-quartos.html,Apartamento Leste — Itanhaém (1 quartos),"Apartamento no Leste, Itanhaém. 1 quartos, 3 vaga(s), 65 m². Valor: R$ 929,426. Ideal para temporada ou moradia.",,,existing
imovel-1278-apartamento-centro-praia-grande-4-quartos.html,Apartamento Centro — Praia Grande (4 quartos),"Apartamento no Centro, Praia Grande. 4 quartos, 3 vaga(s), 153 m². Valor: R$ 459,890. Ideal para temporada ou moradia.",,,existing
imovel-1279-apartamento-boqueirão-santos-3-quartos.html,Apartamento Boqueirão — Santos (3 quartos),"Apartamento no Boqueirão, Santos. 3 quartos, 3 vaga(s), 144 m². Valor: R$ 1,436,690. Ideal para temporada ou moradia.",,,existing
imovel-1280-chalé-sul-são-vicente-2-quartos.html,Chalé Sul — São Vicente (2 quartos),"Chalé no Sul, São Vicente. 2 quartos, 1 vaga(s), 154 m². Valor: R$ 1,911,900. Ideal para temporada ou moradia.",,,existing
imovel-1281-casa-centro-praia-grande-2-quartos.html,Casa Centro — Praia Grande (2 quartos),"Casa no Centro, Praia Grande. 2 quartos, 1 vaga(s), 152 m². Valor: R$ 968,976. Ideal para temporada ou moradia.",,,existing
imovel-1282-casa-itapua-itanhaém-3-quartos.html,Casa Itapua — Itanhaém (3 quartos),"Casa no Itapua, Itanhaém. 3 quartos, 3 vaga(s), 107 m². Valor: R$ 1,200,132. Ideal para temporada ou moradia.",,,existing
imovel-1283-chalé-marina-peruíbe-4-quartos.html,Chalé Marina — Peruíbe (4 quartos),"Chalé no Marina, Peruíbe. 4 quartos, 1 vaga(s), 122 m². Valor: R$ 890,693. Ideal para temporada ou moradia.",,,existing
imovel-1284-casa-barra-praia-grande-1-quartos.html,Casa Barra — Praia Grande (1 quartos),"Casa no Barra, Praia Grande. 1 quartos, 2 vaga(s), 91 m². Valor: R$ 2,293,367. Ideal para temporada ou moradia.",,,existing
imovel-370.html,Casa em Condomínio em Ubatuba,Casa em Condomínio em Ubatuba com ótimo custo-benefício.,,,existing
imovel-371.html,Casa Geminada em Ilhabela,Casa Geminada em Ilhabela com ótimo custo-benefício.,,,existing
imovel-372.html,Casa em Condomínio em Ilhabela,Casa em Condomínio em Ilhabela com ótimo custo-benefício.,,,existing
imovel-373.html,Apartamento Vista Mar em Ilhabela,Apartamento Vista Mar em Ilhabela com ótimo custo-benefício.,,,existing
imovel-374.html,Casa Rural em Ubatuba,Casa Rural em Ubatuba com ótimo custo-benefício.,,,existing
imovel-375.html,Casa Rural em Cananéia,Casa Rural em Cananéia com ótimo custo-benefício.,,,existing
imovel-376.html,Casa Geminada em Maresias,Casa Geminada em Maresias com ótimo custo-benefício.,,,existing
imovel-377.html,Cobertura Duplex em Bertioga,Cobertura Duplex em Bertioga com ótimo custo-benefício.,,,existing
imovel-378.html,Apartamento Beira-Mar em Bertioga,Apartamento Beira-Mar em Bertioga com ótimo custo-benefício.,,,existing
imovel-379.html,Studio para Temporada em Cananéia,Studio para Temporada em Cananéia com ótimo custo-benefício.,,,existing
imovel-380.html,Casa em Condomínio em Ubatuba,Casa em Condomínio em Ubatuba com ótimo custo-benefício.,,,existing
imovel-381.html,Studio para Temporada em Ilhabela,Studio para Temporada em Ilhabela com ótimo custo-benefício.,,,existing
imovel-382.html,Apartamento Beira-Mar em Maresias,Apartamento Beira-Mar em Maresias com ótimo custo-benefício.,,,existing
imovel-383.html,Cobertura Duplex em Ubatuba,Cobertura Duplex em Ubatuba com ótimo custo-benefício.,,,existing
imovel-384.html,Sobrado Geminado em São Sebastião,Sobrado Geminado em São Sebastião com ótimo custo-benefício.,,,existing
imovel-385.html,Apartamento Vista Mar em Iguape,Apartamento Vista Mar em Iguape com ótimo custo-benefício.,,,existing
imovel-386.html,Cobertura Duplex em Praia Grande,Cobertura Duplex em Praia Grande com ótimo custo-benefício.,,,existing
imovel-387.html,Casa em Condomínio em Caraguatatuba,Casa em Condomínio em Caraguatatuba com ótimo custo-benefício.,,,existing
imovel-388.html,Casa em Condomínio em Ubatuba,Casa em Condomínio em Ubatuba com ótimo custo-benefício.,,,existing
imovel-389.html,Studio para Temporada em Caraguatatuba,Studio para Temporada em Caraguatatuba com ótimo custo-benefício.,,,existing
lote-0360-0369.html,Lote de imóveis — 0360 a 0369,Lote de imóveis no litoral paulista: páginas prontas para divulgação e SEO local.,,,existing
parcerias-litoral-paulista.html,Parcerias com Corretores e Imobiliárias no Litoral Paulista,"Parceria para corretores e imobiliárias com IA, ferramentas gratuitas e mais leads qualificados no litoral paulista.",,,existing
sobrado-guaruja.html,Sobrado - Guarujá,Sobrado com piscina,,,existing
studio-bertioga.html,Studio em Bertioga,"Studio moderno em Bertioga, perfeito para investimento ou temporada.",,,existing
studio-guaruja.html,Studio em Guarujá,"Studio moderno em Guarujá, perfeito para investimento ou temporada.",,,existing
studio-investimento-praia-grande.html,Studio investimento - Praia Grande,Studio com entrada facilitada e potencial de rentabilidade por temporada em Praia Grande.,,,existing
studio-itanhaem.html,Studio em Itanhaém,"Studio moderno em Itanhaém, perfeito para investimento ou temporada.",,,existing
studio-mongagua.html,Studio em Mongaguá,"Studio moderno em Mongaguá, perfeito para investimento ou temporada.",,,existing
studio-peruibe.html,Studio em Peruíbe,"Studio moderno em Peruíbe, perfeito para investimento ou temporada.",,,existing
studio-praia-grande.html,Studio em Praia Grande,"Studio moderno em Praia Grande, perfeito para investimento ou temporada.",,,existing
studio-santos.html,Studio em Santos,"Studio moderno em Santos, perfeito para investimento ou temporada.",,,existing
studio-sao-vicente.html,Studio em São Vicente,"Studio moderno em São Vicente, perfeito para investimento ou temporada.",,,existing
template-landing.html,{{title}},{{description}},,,existing
terreno-bertioga.html,Terreno - Bertioga,Terreno plano em rua asfaltada com infraestrutura pronta em Bertioga.,,,existing
apartamento-bertioga.html,Apartamento em Bertioga,Apartamento em bertioga: oportunidade no litoral de São Paulo com lazer completo e fácil acesso.,bertioga,apartamento,new
casa-bertioga.html,Casa em Bertioga,Casa em bertioga: oportunidade no litoral de São Paulo com lazer completo e fácil acesso.,bertioga,casa,new
sobrado-bertioga.html,Sobrado em Bertioga,Sobrado em bertioga: oportunidade no litoral de São Paulo com lazer completo e fácil acesso.,bertioga,sobrado,new
apartamento-guaruja.html,Apartamento em Guaruja,Apartamento em guaruja: oportunidade no litoral de São Paulo com lazer completo e fácil acesso.,guaruja,apartamento,new
casa-guaruja.html,Casa em Guaruja,Casa em guaruja: oportunidade no litoral de São Paulo com lazer completo e fácil acesso.,guaruja,casa,new
terreno-guaruja.html,Terreno em Guaruja,Terreno em guaruja: oportunidade no litoral de São Paulo com lazer completo e fácil acesso.,guaruja,terreno,new
apartamento-santos.html,Apartamento em Santos,Apartamento em santos: oportunidade no litoral de São Paulo com lazer completo e fácil acesso.,santos,apartamento,new
casa-santos.html,Casa em Santos,Casa em santos: oportunidade no litoral de São Paulo com lazer completo e fácil acesso.,santos,casa,new
sobrado-santos.html,Sobrado em Santos,Sobrado em santos: oportunidade no litoral de São Paulo com lazer completo e fácil acesso.,santos,sobrado,new
terreno-santos.html,Terreno em Santos,Terreno em santos: oportunidade no litoral de São Paulo com lazer completo e fácil acesso.,santos,terreno,new
apartamento-praia-grande.html,Apartamento em Praia-grande,Apartamento em praia-grande: oportunidade no litoral de São Paulo com lazer completo e fácil acesso.,praia-grande,apartamento,new
casa-praia-grande.html,Casa em Praia-grande,Casa em praia-grande: oportunidade no litoral de São Paulo com lazer completo e fácil acesso.,praia-grande,casa,new
sobrado-praia-grande.html,Sobrado em Praia-grande,Sobrado em praia-grande: oportunidade no litoral de São Paulo com lazer completo e fácil acesso.,praia-grande,sobrado,new
terreno-praia-grande.html,Terreno em Praia-grande,Terreno em praia-grande: oportunidade no litoral de São Paulo com lazer completo e fácil acesso.,praia-grande,terreno,new
apartamento-itanhaem.html,Apartamento em Itanhaem,Apartamento em itanhaem: oportunidade no litoral de São Paulo com lazer completo e fácil acesso.,itanhaem,apartamento,new
casa-itanhaem.html,Casa em Itanhaem,Casa em itanhaem: oportunidade no litoral de São Paulo com lazer completo e fácil acesso.,itanhaem,casa,new
sobrado-itanhaem.html,Sobrado em Itanhaem,Sobrado em itanhaem: oportunidade no litoral de São Paulo com lazer completo e fácil acesso.,itanhaem,sobrado,new
terreno-itanhaem.html,Terreno em Itanhaem,Terreno em itanhaem: oportunidade no litoral de São Paulo com lazer completo e fácil acesso.,itanhaem,terreno,new
apartamento-mongagua.html,Apartamento em Mongagua,Apartamento em mongagua: oportunidade no litoral de São Paulo com lazer completo e fácil acesso.,mongagua,apartamento,new
casa-mongagua.html,Casa em Mongagua,Casa em mongagua: oportunidade no litoral de São Paulo com lazer completo e fácil acesso.,mongagua,casa,new
sobrado-mongagua.html,Sobrado em Mongagua,Sobrado em mongagua: oportunidade no litoral de São Paulo com lazer completo e fácil acesso.,mongagua,sobrado,new
terreno-mongagua.html,Terreno em Mongagua,Terreno em mongagua: oportunidade no litoral de São Paulo com lazer completo e fácil acesso.,mongagua,terreno,new
apartamento-sao-vicente.html,Apartamento em São Vicente,Apartamento em são vicente: oportunidade no litoral de São Paulo com lazer completo e fácil acesso.,sao-vicente,apartamento,new
casa-sao-vicente.html,Casa em São Vicente,Casa em são vicente: oportunidade no litoral de São Paulo com lazer completo e fácil acesso.,sao-vicente,casa,new
sobrado-sao-vicente.html,Sobrado em São Vicente,Sobrado em são vicente: oportunidade no litoral de São Paulo com lazer completo e fácil acesso.,sao-vicente,sobrado,new
terreno-sao-vicente.html,Terreno em São Vicente,Terreno em são vicente: oportunidade no litoral de São Paulo com lazer completo e fácil acesso.,sao-vicente,terreno,new
apartamento-peruibe.html,Apartamento em Peruibe,Apartamento em peruibe: oportunidade no litoral de São Paulo com lazer completo e fácil acesso.,peruibe,apartamento,new
casa-peruibe.html,Casa em Peruibe,Casa em peruibe: oportunidade no litoral de São Paulo com lazer completo e fácil acesso.,peruibe,casa,new
sobrado-peruibe.html,Sobrado em Peruibe,Sobrado em peruibe: oportunidade no litoral de São Paulo com lazer completo e fácil acesso.,peruibe,sobrado,new
terreno-peruibe.html,Terreno em Peruibe,Terreno em peruibe: oportunidade no litoral de São Paulo com lazer completo e fácil acesso.,peruibe,terreno,new
apartamento-caraguatatuba.html,Apartamento em Caraguatatuba,Apartamento em caraguatatuba: oportunidade no litoral de São Paulo com lazer completo e fácil acesso.,caraguatatuba,apartamento,new
casa-caraguatatuba.html,Casa em Caraguatatuba,Casa em caraguatatuba: oportunidade no litoral de São Paulo com lazer completo e fácil acesso.,caraguatatuba,casa,new
cobertura-caraguatatuba.html,Cobertura em Caraguatatuba,Cobertura em caraguatatuba: oportunidade no litoral de São Paulo com lazer completo e fácil acesso.,caraguatatuba,cobertura,new
sobrado-caraguatatuba.html,Sobrado em Caraguatatuba,Sobrado em caraguatatuba: oportunidade no litoral de São Paulo com lazer completo e fácil acesso.,caraguatatuba,sobrado,new
studio-caraguatatuba.html,Studio em Caraguatatuba,Studio em caraguatatuba: oportunidade no litoral de São Paulo com lazer completo e fácil acesso.,caraguatatuba,studio,new
terreno-caraguatatuba.html,Terreno em Caraguatatuba,Terreno em caraguatatuba: oportunidade no litoral de São Paulo com lazer completo e fácil acesso.,caraguatatuba,terreno,new
apartamento-ilhabela.html,Apartamento em Ilhabela,Apartamento em ilhabela: oportunidade no litoral de São Paulo com lazer completo e fácil acesso.,ilhabela,apartamento,new
casa-ilhabela.html,Casa em Ilhabela,Casa em ilhabela: oportunidade no litoral de São Paulo com lazer completo e fácil acesso.,ilhabela,casa,new
cobertura-ilhabela.html,Cobertura em Ilhabela,Cobertura em ilhabela: oportunidade no litoral de São Paulo com lazer completo e fácil acesso.,ilhabela,cobertura,new
sobrado-ilhabela.html,Sobrado em Ilhabela,Sobrado em ilhabela: oportunidade no litoral de São Paulo com lazer completo e fácil acesso.,ilhabela,sobrado,new
studio-ilhabela.html,Studio em Ilhabela,Studio em ilhabela: oportunidade no litoral de São Paulo com lazer completo e fácil acesso.,ilhabela,studio,new
terreno-ilhabela.html,Terreno em Ilhabela,Terreno em ilhabela: oportunidade no litoral de São Paulo com lazer completo e fácil acesso.,ilhabela,terreno,new
apartamento-ubatuba.html,Apartamento em Ubatuba,Apartamento em ubatuba: oportunidade no litoral de São Paulo com lazer completo e fácil acesso.,ubatuba,apartamento,new
casa-ubatuba.html,Casa em Ubatuba,Casa em ubatuba: oportunidade no litoral de São Paulo com lazer completo e fácil acesso.,ubatuba,casa,new
cobertura-ubatuba.html,Cobertura em Ubatuba,Cobertura em ubatuba: oportunidade no litoral de São Paulo com lazer completo e fácil acesso.,ubatuba,cobertura,new
sobrado-ubatuba.html,Sobrado em Ubatuba,Sobrado em ubatuba: oportunidade no litoral de São Paulo com lazer completo e fácil acesso.,ubatuba,sobrado,new
studio-ubatuba.html,Studio em Ubatuba,Studio em ubatuba: oportunidade no litoral de São Paulo com lazer completo e fácil acesso.,ubatuba,studio,new
terreno-ubatuba.html,Terreno em Ubatuba,Terreno em ubatuba: oportunidade no litoral de São Paulo com lazer completo e fácil acesso.,ubatuba,terreno,new
