curso,familia,preco_atual,url_pagina_vendas,descricao,modulos,aulas
Airbnb do Zero no Litoral,Locação de Temporada e Gestão,"R$ 497,00 no PIX",https://praia.digital/education/cursos/airbnb-do-zero/index.html,"Curso para montar um Airbnb lucrativo no litoral: cadastro, anúncio, precificação e gestão.",4,10
Analise De Mercado Imobiliario Litoral,Investimento Imobiliário,R$ 497,https://praia.digital/education/cursos/analise-de-mercado-imobiliario-litoral/index.html,Curso completo sobre Analise De Mercado Imobiliario Litoral: conteúdo aplicado ao mercado imobiliário do litoral.,4,12
Análise de Rentabilidade no Litoral,Investimento Imobiliário,R$ 347,https://praia.digital/education/cursos/analise-de-rentabilidade/index.html,"Curso de análise de rentabilidade no litoral: ROI, fluxo de caixa, temporada e decisão de investimento.",4,12
Apresentacao Imoveis Para Corretores,"Documentação, Avaliação e Segurança Jurídica",R$ 497,https://praia.digital/education/cursos/apresentacao-imoveis-para-corretores/index.html,Curso completo sobre Apresentacao Imoveis Para Corretores: conteúdo aplicado ao mercado imobiliário do litoral.,4,12
Atendimento Ao Cliente Para Corretores,Atendimento e Relacionamento com Clientes,R$ 497,https://praia.digital/education/cursos/atendimento-ao-cliente-para-corretores/index.html,Curso completo sobre Atendimento Ao Cliente Para Corretores: conteúdo aplicado ao mercado imobiliário do litoral.,4,12
Atendimento Cliente Para Corretores,Atendimento e Relacionamento com Clientes,R$ 497,https://praia.digital/education/cursos/atendimento-cliente-para-corretores/index.html,Curso completo sobre Atendimento Cliente Para Corretores: conteúdo aplicado ao mercado imobiliário do litoral.,4,12
Como Aumentar em 30% a Rentabilidade,Investimento Imobiliário,R$ 347,https://praia.digital/education/cursos/aumentar-rentabilidade/index.html,"Curso para aumentar rentabilidade de imóveis no litoral: preço, operação, experiência e indicadores.",4,12
Automação Comercial para Imobiliárias,Vendas e Negociação Imobiliária,R$ 497,https://praia.digital/education/cursos/automacao-comercial/index.html,"Curso de automação comercial para imobiliárias do litoral: CRM, processos, follow-up e escala.",4,12
Avaliação de Imóveis no Litoral,"Documentação, Avaliação e Segurança Jurídica",R$ 347,https://praia.digital/education/cursos/avaliacao-de-imoveis/index.html,"Curso de avaliação de imóveis no litoral: método comparativo, análise de dados e precificação precisa.",4,12
Booking do Zero no Litoral,Locação de Temporada e Gestão,"R$ 497,00 no PIX",https://praia.digital/education/cursos/booking-do-zero/index.html,"Curso para montar e otimizar um imóvel no Booking: anúncio, políticas, precificação e gestão de reservas.",4,10
Captação de Exclusividade,Captação de Imóveis,R$ 397,https://praia.digital/education/cursos/captacao-exclusividade/index.html,"Curso para corretores captarem exclusividade no litoral: prospecção, posicionamento, negociação e funil.",4,12
Captacao Imoveis Corretores,Captação de Imóveis,R$ 497,https://praia.digital/education/cursos/captacao-imoveis-corretores/index.html,Curso completo sobre Captacao Imoveis Corretores: conteúdo aplicado ao mercado imobiliário do litoral.,4,12
Casa ou Apartamento no Litoral?,Investimento Imobiliário,R$ 197,https://praia.digital/education/cursos/casa-ou-apartamento/index.html,Aprenda a escolher entre casa ou apartamento no litoral com critérios objetivos e sem achismo.,4,12
Como Comprar com Segurança,Investimento Imobiliário,R$ 247,https://praia.digital/education/cursos/comprar-com-seguranca/index.html,"Curso para comprar imóveis no litoral com segurança: documentação, contratos, riscos e fechamento.",4,12
Como Comprar um Imóvel na Praia sem Cair em Golpes,Investimento Imobiliário,R$ 297,https://praia.digital/education/cursos/comprar-imovel-praia-sem-golpes/index.html,"Aprenda a comprar um imóvel no litoral com segurança: documentação, negociação, riscos e casos práticos.",4,12
Comunicacao Interpessoal Para Corretores,Atendimento e Relacionamento com Clientes,R$ 497,https://praia.digital/education/cursos/comunicacao-interpessoal-para-corretores/index.html,Curso completo sobre Comunicacao Interpessoal Para Corretores: conteúdo aplicado ao mercado imobiliário do litoral.,4,12
CRM para Corretores,Tecnologia e IA para o Mercado Imobiliário,R$ 297,https://praia.digital/education/cursos/crm-para-corretores/index.html,"Curso de CRM para corretores do litoral: organização de leads, follow-up e métricas.",4,11
Documentacao Completa Imoveis Litoral,"Documentação, Avaliação e Segurança Jurídica",R$ 497,https://praia.digital/education/cursos/documentacao-completa-imoveis-litoral/index.html,Curso completo sobre Documentacao Completa Imoveis Litoral: conteúdo aplicado ao mercado imobiliário do litoral.,4,12
Documentação Imobiliária,"Documentação, Avaliação e Segurança Jurídica",R$ 297,https://praia.digital/education/cursos/documentacao-imobiliaria/index.html,"Curso de documentação imobiliária para corretores do litoral: contratos, registros, riscos e checklist.",4,12
Especialista em Venda de Imóveis no Litoral,Vendas e Negociação Imobiliária,R$ 497,https://praia.digital/education/cursos/especialista-venda-imoveis-litoral/index.html,"Curso para corretores venderem mais no litoral: atendimento, qualificação, negociação e closing.",4,12
Fechamento De Vendas Para Corretores,Vendas e Negociação Imobiliária,R$ 497,https://praia.digital/education/cursos/fechamento-de-vendas-para-corretores/index.html,Curso completo sobre Fechamento De Vendas Para Corretores: conteúdo aplicado ao mercado imobiliário do litoral.,4,12
Financiamento Imobiliário sem Complicação,Financiamento Imobiliário,R$ 197,https://praia.digital/education/cursos/financiamento-imobiliario/index.html,"Guia prático para simular, comparar e aprovar financiamento imobiliário no litoral.",4,11
Flipping no Litoral,Investimento Imobiliário,R$ 497,https://praia.digital/education/cursos/flipping/index.html,"Curso de flipping no litoral: sourcing, reforma, precificação e venda rápida com lucro.",4,12
flipping-completo,Investimento Imobiliário,R$ 497,https://praia.digital/education/cursos/flipping-completo/index.html,flipping-completo,4,12
flipping-imoveis-litoral,Investimento Imobiliário,R$ 497,https://praia.digital/education/cursos/flipping-imoveis-litoral/index.html,flipping-imoveis-litoral,4,12
Funil de Vendas para Corretores,Vendas e Negociação Imobiliária,R$ 297,https://praia.digital/education/cursos/funil-de-vendas/index.html,"Curso de funil de vendas para corretores do litoral: leads, follow-up, objeções e fechamento.",4,12
Gestao De Conflitos Para Corretores,Atendimento e Relacionamento com Clientes,R$ 497,https://praia.digital/education/cursos/gestao-de-conflitos-para-corretores/index.html,Curso completo sobre Gestao De Conflitos Para Corretores: conteúdo aplicado ao mercado imobiliário do litoral.,4,12
Gestao De Locacao No Litoral,Locação de Temporada e Gestão,R$ 497,https://praia.digital/education/cursos/gestao-de-locacao-no-litoral/index.html,Curso completo sobre Gestao De Locacao No Litoral: conteúdo aplicado ao mercado imobiliário do litoral.,4,10
Gestao De Propostas Para Corretores,Vendas e Negociação Imobiliária,R$ 497,https://praia.digital/education/cursos/gestao-de-propostas-para-corretores/index.html,Curso completo sobre Gestao De Propostas Para Corretores: conteúdo aplicado ao mercado imobiliário do litoral.,4,12
Gestao De Vendas Para Corretores,Vendas e Negociação Imobiliária,R$ 497,https://praia.digital/education/cursos/gestao-de-vendas-para-corretores/index.html,Curso completo sobre Gestao De Vendas Para Corretores: conteúdo aplicado ao mercado imobiliário do litoral.,4,12
Gestao Do Tempo Para Corretores,"Produtividade, Gestão e Carreira",R$ 497,https://praia.digital/education/cursos/gestao-do-tempo-para-corretores/index.html,Curso completo sobre Gestao Do Tempo Para Corretores: conteúdo aplicado ao mercado imobiliário do litoral.,4,10
Gestão Profissional da Locação,Locação de Temporada e Gestão,R$ 497,https://praia.digital/education/cursos/gestao-profissional-locacao/index.html,"Curso para profissionalizar gestão de locação de temporada: operação, atendimento, limpeza, manutenção e crescimento.",4,10
Guia Completo do Investidor Imobiliário,Investimento Imobiliário,R$ 1,https://praia.digital/education/cursos/guia-investidor-imobiliario/index.html,"Curso completo para investidores imobiliários no litoral: estratégia, análise, rentabilidade e execução.",4,12
guia-investidor-imobiliario-avancado,Investimento Imobiliário,R$ 497,https://praia.digital/education/cursos/guia-investidor-imobiliario-avancado/index.html,guia-investidor-imobiliario-avancado,4,12
Inteligência Artificial para Corretores,Tecnologia e IA para o Mercado Imobiliário,R$ 397,https://praia.digital/education/cursos/ia-para-corretores/index.html,"Curso para corretores usarem IA para vender mais no litoral: prompts, automação, atendimento e marketing.",4,11
Curso de IA para Imobiliárias e Corretores (2026),Tecnologia e IA para o Mercado Imobiliário,R$ 497,https://praia.digital/education/cursos/ia-para-imobiliarias/index.html,"Aprenda a aplicar IA no mercado imobiliário: crie anúncios, automatize o atendimento pelo WhatsApp e feche mais vendas no litoral.",4,11
Imóveis para Airbnb no Litoral,Locação de Temporada e Gestão,R$ 347,https://praia.digital/education/cursos/imoveis-para-airbnb/index.html,"Curso para escolher, preparar e lucrar com imóveis para temporada no Airbnb.",4,10
Instagram para Corretores,Marketing Imobiliário e Presença Digital,R$ 347,https://praia.digital/education/cursos/instagram-para-corretores/index.html,Curso para corretores usarem o Instagram para gerar leads e vender imóveis no litoral.,4,12
Inteligencia Emocional Para Corretores,Atendimento e Relacionamento com Clientes,R$ 497,https://praia.digital/education/cursos/inteligencia-emocional-para-corretores/index.html,Curso completo sobre Inteligencia Emocional Para Corretores: conteúdo aplicado ao mercado imobiliário do litoral.,4,12
Investindo em Imóveis no Litoral,Investimento Imobiliário,R$ 497,https://praia.digital/education/cursos/investindo-imoveis-litoral/index.html,"Curso completo de investimento em imóveis no litoral: análise, rentabilidade, documentação e execução.",4,12
Lideranca Para Corretores,Atendimento e Relacionamento com Clientes,R$ 497,https://praia.digital/education/cursos/lideranca-para-corretores/index.html,Curso completo sobre Lideranca Para Corretores: conteúdo aplicado ao mercado imobiliário do litoral.,4,12
Marketing Imobiliário,Marketing Imobiliário e Presença Digital,R$ 397,https://praia.digital/education/cursos/marketing-imobiliario/index.html,"Curso de marketing imobiliário para corretores do litoral: conteúdo, anúncios, SEO e conversão.",4,12
Marketing Imobiliario Corretores,Marketing Imobiliário e Presença Digital,R$ 497,https://praia.digital/education/cursos/marketing-imobiliario-corretores/index.html,Curso completo sobre Marketing Imobiliario Corretores: conteúdo aplicado ao mercado imobiliário do litoral.,4,12
Multiplique seu Patrimônio no Litoral,Investimento Imobiliário,R$ 347,https://praia.digital/education/cursos/multiplique-patrimonio/index.html,"Curso para multiplicar patrimônio no litoral: estratégia, execução, temporada e escala.",4,12
Negociacao Avancada Para Corretores,Vendas e Negociação Imobiliária,R$ 497,https://praia.digital/education/cursos/negociacao-avancada-para-corretores/index.html,Curso completo sobre Negociacao Avancada Para Corretores: conteúdo aplicado ao mercado imobiliário do litoral.,4,12
Negociacao Imobiliaria Litoral,Vendas e Negociação Imobiliária,R$ 497,https://praia.digital/education/cursos/negociacao-imobiliaria-litoral/index.html,Curso completo sobre Negociacao Imobiliaria Litoral: conteúdo aplicado ao mercado imobiliário do litoral.,4,12
Networking Para Corretores,Captação de Imóveis,R$ 497,https://praia.digital/education/cursos/networking-para-corretores/index.html,Curso completo sobre Networking Para Corretores: conteúdo aplicado ao mercado imobiliário do litoral.,4,12
Oratoria Para Corretores,Tecnologia e IA para o Mercado Imobiliário,R$ 497,https://praia.digital/education/cursos/oratoria-para-corretores/index.html,Curso completo sobre Oratoria Para Corretores: conteúdo aplicado ao mercado imobiliário do litoral.,4,11
Planejamento Estrategico Para Corretores,"Produtividade, Gestão e Carreira",R$ 497,https://praia.digital/education/cursos/planejamento-estrategico-para-corretores/index.html,Curso completo sobre Planejamento Estrategico Para Corretores: conteúdo aplicado ao mercado imobiliário do litoral.,4,10
Pos Venda Relacionamento Corretores,Vendas e Negociação Imobiliária,R$ 497,https://praia.digital/education/cursos/pos-venda-relacionamento-corretores/index.html,Curso completo sobre Pos Venda Relacionamento Corretores: conteúdo aplicado ao mercado imobiliário do litoral.,4,12
PriceLabs Completo para Temporada no Litoral,Locação de Temporada e Gestão,R$ 347,https://praia.digital/education/cursos/pricelabs-completo/index.html,"Curso de PriceLabs para temporada no litoral: configuração, sazonalidade, eventos e aumento de receita.",4,10
Primeiro Imóvel no Litoral,Investimento Imobiliário,R$ 297,https://praia.digital/education/cursos/primeiro-imovel-litoral/index.html,"Guia prático para comprar seu primeiro imóvel no litoral: planejamento, financiamento, documentação e negociação.",4,12
Produtividade Para Corretores,"Produtividade, Gestão e Carreira",R$ 497,https://praia.digital/education/cursos/produtividade-para-corretores/index.html,Curso completo sobre Produtividade Para Corretores: conteúdo aplicado ao mercado imobiliário do litoral.,4,10
Prospeccao Para Corretores,Captação de Imóveis,R$ 497,https://praia.digital/education/cursos/prospeccao-para-corretores/index.html,Curso completo sobre Prospeccao Para Corretores: conteúdo aplicado ao mercado imobiliário do litoral.,4,12
PTAM na Prática,Tecnologia e IA para o Mercado Imobiliário,R$ 297,https://praia.digital/education/cursos/ptam-na-pratica/index.html,"Curso de PTAM para avaliação de imóveis no litoral: método, preenchimento e defesa técnica.",4,11
Recuperacao De Vendas Para Corretores,Vendas e Negociação Imobiliária,R$ 497,https://praia.digital/education/cursos/recuperacao-de-vendas-para-corretores/index.html,Curso completo sobre Recuperacao De Vendas Para Corretores: conteúdo aplicado ao mercado imobiliário do litoral.,4,12
Rotinas De Vendas Para Corretores,Vendas e Negociação Imobiliária,R$ 497,https://praia.digital/education/cursos/rotinas-de-vendas-para-corretores/index.html,Curso completo sobre Rotinas De Vendas Para Corretores: conteúdo aplicado ao mercado imobiliário do litoral.,4,12
Storytelling Para Corretores,Marketing Imobiliário e Presença Digital,R$ 497,https://praia.digital/education/cursos/storytelling-para-corretores/index.html,Curso completo sobre Storytelling Para Corretores: conteúdo aplicado ao mercado imobiliário do litoral.,4,12
Treinamento De Equipes Para Corretores,Atendimento e Relacionamento com Clientes,R$ 497,https://praia.digital/education/cursos/treinamento-de-equipes-para-corretores/index.html,Curso completo sobre Treinamento De Equipes Para Corretores: conteúdo aplicado ao mercado imobiliário do litoral.,4,12
Treinamento Em Tecnologia Para Corretores,Tecnologia e IA para o Mercado Imobiliário,R$ 497,https://praia.digital/education/cursos/treinamento-em-tecnologia-para-corretores/index.html,Curso completo sobre Treinamento Em Tecnologia Para Corretores: conteúdo aplicado ao mercado imobiliário do litoral.,4,11
Venda Imoveis Alto Padrao Litoral,Vendas e Negociação Imobiliária,R$ 497,https://praia.digital/education/cursos/venda-imoveis-alto-padrao-litoral/index.html,Curso completo sobre Venda Imoveis Alto Padrao Litoral: conteúdo aplicado ao mercado imobiliário do litoral.,4,12
Venda Rapida Imoveis Litoral,Vendas e Negociação Imobiliária,R$ 497,https://praia.digital/education/cursos/venda-rapida-imoveis-litoral/index.html,Curso completo sobre Venda Rapida Imoveis Litoral: conteúdo aplicado ao mercado imobiliário do litoral.,4,12
Visita Tecnica Para Corretores,"Documentação, Avaliação e Segurança Jurídica",R$ 497,https://praia.digital/education/cursos/visita-tecnica-para-corretores/index.html,Curso completo sobre Visita Tecnica Para Corretores: conteúdo aplicado ao mercado imobiliário do litoral.,4,12
WhatsApp que Vende,Vendas e Negociação Imobiliária,R$ 247,https://praia.digital/education/cursos/whatsapp-que-vende/index.html,"Curso para corretores usarem o WhatsApp para vender mais imóveis no litoral: atendimento, follow-up e fechamento.",4,12
